normalized_key,original_entries,ranks,key_kinds,affected_records_in_our_data,data_venue_examples,current_match_target,priority_flag,rank_conflict
sensors,[SJR:norm_title] Sensors International | [SJR:norm_title] Sensors | [SJR:norm_title] Journal of Sensors,SJR Q1 | SJR Q1 | SJR Q2,norm_title,19,"Sensors (x14) | Sensors (Switzerland) (x4) | Sensors (Basel, Switzerland) (x1)",[SJR Q2] Journal of Sensors,HIGH,Y
acm ieee human robot interaction,[CORE:norm_title] ACM/IEEE International Conference on Human-Robot Interaction | [SJR:norm_title] ACM/IEEE International Conference on Human-Robot Interaction,CORE A* | SJR -,norm_title,11,Proceedings of the 2024 ACM/IEEE International Conference on Human-Robot Interaction (x3) | 2025 20th ACM/IEEE international conference on human-robot interaction (HRI) (x2) | 2018 13th ACM/IEEE international conference on human-robot interaction (HRI) (x1),[CORE A*] ACM/IEEE International Conference on Human-Robot Interaction,HIGH,Y
ieee multimedia,[CORE:norm_title] IEEE International Symposium on Multimedia | [SJR:norm_title] IEEE Transactions on Multimedia | [SJR:norm_title] IEEE Multimedia,CORE C | SJR Q1 | SJR Q1,norm_title,10,IEEE Transactions on Multimedia (x8) | 2016 IEEE international symposium on multimedia (ISM) (x1) | IEEE MultiMedia (x1),[CORE C] IEEE International Symposium on Multimedia,HIGH,Y
neurology,[SJR:norm_title] Neurology | [SJR:norm_title] Journal of Neurology | [SJR:norm_title] Neurology International,SJR Q1 | SJR Q1 | SJR Q2,norm_title,9,Journal of Neurology (x6) | Neurology (x2) | Neurology International (x1),[SJR Q2] Neurology International,HIGH,Y
biomechanics,[SJR:norm_title] Journal of Biomechanics | [SJR:norm_title] Biomechanics (Switzerland) | [SJR:norm_title] International Biomechanics,SJR Q1 | SJR Q3 | SJR Q3,norm_title,8,Journal of Biomechanics (x8),[SJR Q3] International Biomechanics,HIGH,Y
personalized medicine,[SJR:norm_title] Journal of Personalized Medicine | [SJR:norm_title] Personalized Medicine,SJR Q1 | SJR Q3,norm_title,7,Journal of Personalized Medicine (x7),[SJR Q3] Personalized Medicine,HIGH,Y
psychological research,[SJR:norm_title] Psychological Research | [SJR:norm_title] International Journal of Psychological Research,SJR Q1 | SJR Q3,norm_title,6,Psychological Research (x5) | Psychological research (x1),[SJR Q3] International Journal of Psychological Research,HIGH,Y
ieee image processing,[CORE:norm_title] IEEE International Conference on Image Processing | [SJR:norm_title] IEEE Transactions on Image Processing,CORE B | SJR Q1,norm_title,5,IEEE Transactions on Image Processing (x3) | 2016 IEEE international conference on image processing (ICIP) (x1) | 2018 25th IEEE international conference on image processing (ICIP) (x1),[CORE B] IEEE International Conference on Image Processing,HIGH,Y
movement disorders,[SJR:norm_title] Movement Disorders | [SJR:norm_title] Journal of Movement Disorders,SJR Q1 | SJR Q2,norm_title,5,Movement Disorders (x5),[SJR Q2] Journal of Movement Disorders,HIGH,Y
computers education,[CORE:norm_title] International Conference on Computers in Education | [SJR:norm_title] Computers and Education | [SJR:norm_title] Journal of Computers in Education,CORE C | SJR Q1 | SJR Q1,norm_title,4,Computers and Education (x4),[CORE C] International Conference on Computers in Education,HIGH,Y
healthcare,[SJR:norm_title] Healthcare (Switzerland) | [SJR:norm_title] Healthcare,SJR Q1 | SJR Q2,norm_title,4,Healthcare (Switzerland) (x4),[SJR Q2] Healthcare,HIGH,Y
human computer interaction,[SJR:norm_title] International Journal of Human-Computer Interaction | [SJR:norm_title] Human-Computer Interaction,SJR Q1 | SJR Q2,norm_title,4,International Journal of Human-Computer Interaction (x4),[SJR Q2] Human-Computer Interaction,HIGH,Y
ieee automation science engineering,[SJR:norm_title] IEEE Transactions on Automation Science and Engineering | [SJR:norm_title] IEEE International Conference on Automation Science and Engineering,SJR Q1 | SJR -,norm_title,4,IEEE Transactions on Automation Science and Engineering (x2) | 2018 IEEE 14th international conference on automation science and engineering (CASE) (x1) | 2023 IEEE 19th international conference on automation science and engineering (CASE) (x1),[SJR -] IEEE International Conference on Automation Science and Engineering,HIGH,Y
ieee computer vision,[CORE:norm_title] IEEE International Conference on Computer Vision | [SJR:norm_title] Proceedings of the IEEE International Conference on Computer Vision,CORE A* | SJR -,norm_title,4,Proceedings of the IEEE International Conference on Computer Vision (x3) | 2009 IEEE 12th international conference on computer vision (x1),[CORE A*] IEEE International Conference on Computer Vision,HIGH,Y
machine learning research,[SJR:norm_title] Journal of Machine Learning Research | [SJR:norm_title] Proceedings of Machine Learning Research | [SJR:norm_title] Transactions on Machine Learning Research,SJR Q1 | SJR - | SJR Q2,norm_title,4,Proceedings of Machine Learning Research (x4),[SJR Q2] Transactions on Machine Learning Research,HIGH,Y
medical physics,[SJR:norm_title] Medical Physics | [SJR:norm_title] Journal of Medical Physics,SJR Q1 | SJR Q3,norm_title,4,Medical Physics (x3) | Medical physics (x1),[SJR Q3] Journal of Medical Physics,HIGH,Y
neuroscience,[SJR:norm_title] Journal of Neuroscience | [SJR:norm_title] Neuroscience | [SJR:norm_title] International Journal of Neuroscience,SJR Q1 | SJR Q2 | SJR Q3,norm_title,4,Neuroscience (x4),[SJR Q3] International Journal of Neuroscience,HIGH,Y
pattern recognition,[CORE:norm_title] International Conference on Pattern Recognition | [SJR:norm_title] Pattern Recognition,CORE B | SJR Q1,norm_title,4,2018 24th international conference on pattern recognition (ICPR) (x2) | 2002 international conference on pattern recognition (x1) | Pattern Recognition (x1),[CORE B] International Conference on Pattern Recognition,HIGH,Y
experimental psychology,[SJR:norm_title] Experimental Psychology | [SJR:norm_title] Experimental Psychology (Russia),SJR Q1 | SJR Q3,norm_title,3,Experimental Psychology (Russia) (x2) | Experimental Psychology (x1),[SJR Q3] Experimental Psychology (Russia),HIGH,Y
frontiers computer science,[SJR:norm_title] Frontiers of Computer Science | [SJR:norm_title] Frontiers in Computer Science,SJR Q1 | SJR Q2,norm_title,3,Frontiers in Computer Science (x3),[SJR Q2] Frontiers in Computer Science,HIGH,Y
urology,[SJR:norm_title] Journal of Urology | [SJR:norm_title] International Journal of Urology | [SJR:norm_title] Urology,SJR Q1 | SJR Q2 | SJR Q2,norm_title,3,Urology (x3),[SJR Q2] Urology,HIGH,Y
advanced manufacturing technology,[SJR:norm_title] International Journal of Advanced Manufacturing Technology | [SJR:norm_title] Journal of Advanced Manufacturing Technology,SJR Q1 | SJR Q4,norm_title,2,Journal of Advanced Manufacturing Technology (x1) | International Journal of Advanced Manufacturing Technology (x1),[SJR Q4] Journal of Advanced Manufacturing Technology,HIGH,Y
chemical physics,[SJR:norm_title] Journal of Chemical Physics | [SJR:norm_title] Chemical Physics,SJR Q1 | SJR Q2,norm_title,2,Journal of Chemical Physics (x1) | The Journal of chemical physics (x1),[SJR Q2] Chemical Physics,HIGH,Y
clinical neurophysiology,[SJR:norm_title] Clinical Neurophysiology | [SJR:norm_title] Journal of Clinical Neurophysiology,SJR Q1 | SJR Q3,norm_title,2,Clinical Neurophysiology (x2),[SJR Q3] Journal of Clinical Neurophysiology,HIGH,Y
cognitive neuroscience,[SJR:norm_title] Journal of Cognitive Neuroscience | [SJR:norm_title] Cognitive Neuroscience,SJR Q1 | SJR Q4,norm_title,2,Journal of Cognitive Neuroscience (x2),[SJR Q4] Cognitive Neuroscience,HIGH,Y
environmental research,[SJR:norm_title] Environmental Research | [SJR:norm_title] International Journal of Environmental Research,SJR Q1 | SJR Q2,norm_title,2,Environmental research (x2),[SJR Q2] International Journal of Environmental Research,HIGH,Y
heart,[SJR:norm_title] Heart | [SJR:norm_title] Heart International,SJR Q1 | SJR Q2,norm_title,2,Heart (x1) | Heart International (x1),[SJR Q2] Heart International,HIGH,Y
ieee industrial electronics,[SJR:norm_title] IEEE Transactions on Industrial Electronics | [SJR:norm_title] IEEE International Symposium on Industrial Electronics,SJR Q1 | SJR -,norm_title,2,IEEE Transactions on Industrial Electronics (x2),[SJR -] IEEE International Symposium on Industrial Electronics,HIGH,Y
ieee industrial informatics,[CORE:norm_title] IEEE International Conference on Industrial Informatics | [SJR:norm_title] IEEE Transactions on Industrial Informatics | [SJR:norm_title] IEEE International Conference on Industrial Informatics (INDIN),CORE C | SJR Q1 | SJR -,norm_title,2,IEEE Transactions on Industrial Informatics (x2),[CORE C] IEEE International Conference on Industrial Informatics,HIGH,Y
interactions,[SJR:norm_title] International Interactions | [SJR:norm_title] Interactions | [SJR:norm_title] Interactions (N.Y.),SJR Q1 | SJR Q2 | SJR Q4,norm_title,2,Interactions (x2),[SJR Q4] Interactions (N.Y.),HIGH,Y
neural networks,[CORE:norm_title] International Symposium on Neural Networks | [SJR:norm_title] Neural Networks,CORE C | SJR Q1,norm_title,2,Neural Networks (x2),[CORE C] International Symposium on Neural Networks,HIGH,Y
palliative medicine,[SJR:norm_title] Palliative Medicine | [SJR:norm_title] Journal of Palliative Medicine,SJR Q1 | SJR Q2,norm_title,2,Journal of Palliative Medicine (x2),[SJR Q2] Journal of Palliative Medicine,HIGH,Y
pediatrics,[SJR:norm_title] Pediatrics | [SJR:norm_title] Journal of Pediatrics | [SJR:norm_title] International Journal of Pediatrics (United Kingdom) | [SJR:norm_title] Pediatrics International,SJR Q1 | SJR Q1 | SJR Q2 | SJR Q3,norm_title,2,Pediatrics (x1) | Journal of Pediatrics (x1),[SJR Q3] Pediatrics International,HIGH,Y
poultry science,[SJR:norm_title] Poultry Science | [SJR:norm_title] Journal of Poultry Science,SJR Q1 | SJR Q2,norm_title,2,Poultry Science (x2),[SJR Q2] Journal of Poultry Science,HIGH,Y
psychophysiology,[SJR:norm_title] Psychophysiology | [SJR:norm_title] International Journal of Psychophysiology | [SJR:norm_title] Journal of Psychophysiology,SJR Q1 | SJR Q1 | SJR Q3,norm_title,2,Psychophysiology (x1) | International Journal of Psychophysiology (x1),[SJR Q3] Journal of Psychophysiology,HIGH,Y
robotics research,[CORE:norm_title] International Symposium on Robotics Research | [SJR:norm_title] International Journal of Robotics Research,CORE C | SJR Q1,norm_title,2,International Journal of Robotics Research (x2),[CORE C] International Symposium on Robotics Research,HIGH,Y
science,[SJR:norm_title] Science | [SJR:norm_title] Proceedings of Science,SJR Q1 | SJR -,norm_title,2,Proceedings of Science (x1) | Science (x1),[SJR -] Proceedings of Science,HIGH,Y
signal processing,[SJR:norm_title] Signal Processing | [SJR:norm_title] Journal of Signal Processing,SJR Q1 | SJR Q4,norm_title,2,Journal of Signal Processing (x1) | Signal Processing (x1),[SJR Q4] Journal of Signal Processing,HIGH,Y
sustainability,[SJR:norm_title] Sustainability (Switzerland) | [SJR:norm_title] Journal of Sustainability,SJR Q1 | SJR -,norm_title,2,Sustainability (Switzerland) (x2),[SJR -] Journal of Sustainability,HIGH,Y
acm theory computing,[CORE:norm_title] ACM Symposium on Theory of Computing | [SJR:norm_title] Proceedings of the Annual ACM Symposium on Theory of Computing,CORE A* | SJR -,norm_title,1,Proceedings of the 56th Annual ACM Symposium on Theory of Computing (x1),[CORE A*] ACM Symposium on Theory of Computing,HIGH,Y
ai,[CORE:acronym] Australasian Joint Conference on Artificial Intelligence | [SJR:norm_title] AI (Switzerland),CORE Australasian B | SJR Q1,acronym | norm_title,1,AI (Switzerland) (x1),[CORE Australasian B] Australasian Joint Conference on Artificial Intelligence,HIGH,Y
behavioral medicine,[SJR:norm_title] International Journal of Behavioral Medicine | [SJR:norm_title] Journal of Behavioral Medicine | [SJR:norm_title] Behavioral Medicine,SJR Q2 | SJR Q1 | SJR Q2,norm_title,1,Journal of Behavioral Medicine (x1),[SJR Q2] Behavioral Medicine,HIGH,Y
child adolescent mental health,[SJR:norm_title] Child and Adolescent Mental Health | [SJR:norm_title] Journal of Child and Adolescent Mental Health,SJR Q1 | SJR Q2,norm_title,1,Child and Adolescent Mental Health (x1),[SJR Q2] Journal of Child and Adolescent Mental Health,HIGH,Y
cognitive psychology,[SJR:norm_title] Cognitive Psychology | [SJR:norm_title] Journal of Cognitive Psychology,SJR Q1 | SJR Q3,norm_title,1,Journal of Cognitive Psychology (x1),[SJR Q3] Journal of Cognitive Psychology,HIGH,Y
educational psychology,[SJR:norm_title] Journal of Educational Psychology | [SJR:norm_title] Educational Psychology | [SJR:norm_title] International Journal of Educational Psychology,SJR Q1 | SJR Q1 | SJR Q2,norm_title,1,Journal of Educational Psychology (x1),[SJR Q2] International Journal of Educational Psychology,HIGH,Y
electronic commerce,[CORE:norm_title] International Conference on Electronic Commerce | [SJR:norm_title] International Journal of Electronic Commerce,CORE C | SJR Q1,norm_title,1,Proceedings of the International Conference on Electronic Commerce (x1),[CORE C] International Conference on Electronic Commerce,HIGH,Y
endocrinology,[SJR:norm_title] Journal of Endocrinology | [SJR:norm_title] Endocrinology (United States) | [SJR:norm_title] International Journal of Endocrinology,SJR Q1 | SJR Q2 | SJR Q2,norm_title,1,The Journal of endocrinology (x1),[SJR Q2] International Journal of Endocrinology,HIGH,Y
environment,[SJR:norm_title] Environment International | [SJR:norm_title] Environment,SJR Q1 | SJR Q2,norm_title,1,Environment International (x1),[SJR Q2] Environment,HIGH,Y
european neurology,[SJR:norm_title] European Journal of Neurology | [SJR:norm_title] European Neurology,SJR Q1 | SJR Q2,norm_title,1,European Journal of Neurology (x1),[SJR Q2] European Neurology,HIGH,Y
family practice,[SJR:norm_title] Family Practice | [SJR:norm_title] Journal of Family Practice,SJR Q1 | SJR Q3,norm_title,1,Journal of Family Practice (x1),[SJR Q3] Journal of Family Practice,HIGH,Y
hypertension,[SJR:norm_title] Hypertension | [SJR:norm_title] Journal of Hypertension | [SJR:norm_title] International Journal of Hypertension,SJR Q1 | SJR Q1 | SJR Q2,norm_title,1,Journal of Hypertension (x1),[SJR Q2] International Journal of Hypertension,HIGH,Y
ieee big data,[CORE:norm_title] IEEE International Conference on Big Data | [SJR:norm_title] IEEE Transactions on Big Data,CORE B | SJR Q1,norm_title,1,2023 IEEE international conference on big data (BigData) (x1),[CORE B] IEEE International Conference on Big Data,HIGH,Y
information fusion,[CORE:norm_title] International Conference on Information Fusion | [SJR:norm_title] Information Fusion,CORE C | SJR Q1,norm_title,1,Information Fusion (x1),[CORE C] International Conference on Information Fusion,HIGH,Y
insect science,[SJR:norm_title] Insect Science | [SJR:norm_title] Journal of Insect Science,SJR Q1 | SJR Q2,norm_title,1,Insect Science (x1),[SJR Q2] Journal of Insect Science,HIGH,Y
integrative medicine,[SJR:norm_title] Journal of Integrative Medicine | [SJR:norm_title] Integrative Medicine,SJR Q1 | SJR Q3,norm_title,1,Journal of Integrative Medicine (x1),[SJR Q3] Integrative Medicine,HIGH,Y
internal medicine,[SJR:norm_title] Journal of Internal Medicine | [SJR:norm_title] Internal Medicine,SJR Q1 | SJR Q3,norm_title,1,Internal Medicine (x1),[SJR Q3] Internal Medicine,HIGH,Y
landscape ecology,[SJR:norm_title] Landscape Ecology | [SJR:norm_title] Journal of Landscape Ecology (Czech Republic) | [SJR:norm_title] Journal of Landscape Ecology,SJR Q1 | SJR Q2 | SJR Q4,norm_title,1,Landscape Ecology (x1),[SJR Q4] Journal of Landscape Ecology,HIGH,Y
legal medicine,[SJR:norm_title] International Journal of Legal Medicine | [SJR:norm_title] Legal Medicine | [SJR:norm_title] Journal of Legal Medicine,SJR Q1 | SJR Q2 | SJR Q3,norm_title,1,International Journal of Legal Medicine (x1),[SJR Q3] Journal of Legal Medicine,HIGH,Y
medical sciences,[SJR:norm_title] Medical sciences | [SJR:norm_title] International Journal of Medical Sciences | [SJR:norm_title] Journal of Medical Sciences (Taiwan) | [SJR:norm_title] Journal of Medical Sciences (Peshawar),SJR Q1 | SJR Q1 | SJR Q4 | SJR Q4,norm_title,1,International Journal of Medical Sciences (x1),[SJR Q4] Journal of Medical Sciences (Peshawar),HIGH,Y
metaverse,[SJR:norm_title] Journal of Metaverse | [SJR:norm_title] Metaverse,SJR Q1 | SJR Q4,norm_title,1,Journal of Metaverse (x1),[SJR Q4] Metaverse,HIGH,Y
nephrology dialysis transplantation,"[SJR:norm_title] Nephrology Dialysis Transplantation | [SJR:norm_title] Nephrology, Dialysis and Transplantation",SJR Q1 | SJR Q4,norm_title,1,Nephrology Dialysis Transplantation (x1),"[SJR Q4] Nephrology, Dialysis and Transplantation",HIGH,Y
neuroradiology,[SJR:norm_title] Journal of Neuroradiology | [SJR:norm_title] Neuroradiology,SJR Q1 | SJR Q2,norm_title,1,Neuroradiology (x1),[SJR Q2] Neuroradiology,HIGH,Y
nursing management,[SJR:norm_title] Journal of Nursing Management | [SJR:norm_title] Nursing Management,SJR Q1 | SJR Q3,norm_title,1,Journal of Nursing Management (x1),[SJR Q3] Nursing Management,HIGH,Y
orthopaedics,[SJR:norm_title] International Orthopaedics | [SJR:norm_title] Journal of Orthopaedics,SJR Q1 | SJR Q2,norm_title,1,Journal of Orthopaedics (x1),[SJR Q2] Journal of Orthopaedics,HIGH,Y
otolaryngology head neck surgery,[SJR:norm_title] Otolaryngology - Head and Neck Surgery | [SJR:norm_title] Journal of Otolaryngology - Head and Neck Surgery | [SJR:norm_title] Otolaryngology - Head and Neck Surgery (Japan),SJR Q1 | SJR Q1 | SJR Q4,norm_title,1,Otolaryngology - Head and Neck Surgery (United States) (x1),[SJR Q4] Otolaryngology - Head and Neck Surgery (Japan),HIGH,Y
pediatric surgery,[SJR:norm_title] Journal of Pediatric Surgery | [SJR:norm_title] Pediatric Surgery International,SJR Q1 | SJR Q2,norm_title,1,Pediatric Surgery International (x1),[SJR Q2] Pediatric Surgery International,HIGH,Y
psychogeriatrics,[SJR:norm_title] International Psychogeriatrics | [SJR:norm_title] Psychogeriatrics,SJR Q1 | SJR Q2,norm_title,1,Psychogeriatrics (x1),[SJR Q2] Psychogeriatrics,HIGH,Y
public health,[SJR:norm_title] Public Health | [SJR:norm_title] International Journal of Public Health | [SJR:norm_title] Journal of Public Health | [SJR:norm_title] Journal of Public Health (Germany),SJR Q1 | SJR Q1 | SJR Q2 | SJR Q2,norm_title,1,Journal of Public Health (Germany) (x1),[SJR Q2] Journal of Public Health (Germany),HIGH,Y
remote sensing,[SJR:norm_title] Journal of Remote Sensing (United States) | [SJR:norm_title] Remote Sensing | [SJR:norm_title] International Journal of Remote Sensing,SJR Q1 | SJR Q1 | SJR Q2,norm_title,1,Remote Sensing (x1),[SJR Q2] International Journal of Remote Sensing,HIGH,Y
rheumatology,[SJR:norm_title] Rheumatology | [SJR:norm_title] Journal of Rheumatology | [SJR:norm_title] Rheumatology International | [SJR:norm_title] International Journal of Rheumatology | [SJR:norm_title] Rheumatology (Bulgaria),SJR Q1 | SJR Q2 | SJR Q2 | SJR Q3 | SJR Q4,norm_title,1,Rheumatology International (x1),[SJR Q4] Rheumatology (Bulgaria),HIGH,Y
social psychology,[SJR:norm_title] Journal of Social Psychology | [SJR:norm_title] Social Psychology | [SJR:norm_title] International Journal of Social Psychology,SJR Q2 | SJR Q1 | SJR Q3,norm_title,1,Journal of Social Psychology (x1),[SJR Q3] International Journal of Social Psychology,HIGH,Y
sound vibration,[SJR:norm_title] Journal of Sound and Vibration | [SJR:norm_title] Sound and Vibration,SJR Q1 | SJR Q2,norm_title,1,Sound and Vibration (x1),[SJR Q2] Sound and Vibration,HIGH,Y
surgery,[SJR:norm_title] Surgery (United States) | [SJR:norm_title] Surgery (United Kingdom) | [SJR:norm_title] International Surgery | [SJR:norm_title] International Journal of Surgery (discontinued),SJR Q1 | SJR Q3 | SJR Q4 | SJR -,norm_title,1,Surgery (United States) (x1),[SJR -] International Journal of Surgery (discontinued),HIGH,Y
technology society,[CORE:norm_title] International Symposium on Technology and Society | [SJR:norm_title] Technology in Society,CORE C | SJR Q1,norm_title,1,Technology in Society (x1),[CORE C] International Symposium on Technology and Society,HIGH,Y
academic medicine,[SJR:norm_title] Academic Medicine | [SJR:norm_title] International Journal of Academic Medicine,SJR Q1 | SJR Q4,norm_title,0,,[SJR Q4] International Journal of Academic Medicine,,Y
accounting education,[SJR:norm_title] Accounting Education | [SJR:norm_title] Journal of Accounting Education,SJR Q1 | SJR Q2,norm_title,0,,[SJR Q2] Journal of Accounting Education,,Y
accounting research,[SJR:norm_title] Journal of Accounting Research | [SJR:norm_title] Journal of International Accounting Research,SJR Q1 | SJR Q2,norm_title,0,,[SJR Q2] Journal of International Accounting Research,,Y
accounting review,[SJR:norm_title] Accounting Review | [SJR:norm_title] Journal of Accounting Review,SJR Q1 | SJR Q4,norm_title,0,,[SJR Q4] Journal of Accounting Review,,Y
acm computer communications security,[CORE:norm_title] ACM Conference on Computer and Communications Security | [SJR:norm_title] Proceedings of the ACM Conference on Computer and Communications Security,CORE A* | SJR -,norm_title,0,,[CORE A*] ACM Conference on Computer and Communications Security,,Y
acm economics computation,[CORE:norm_title] ACM Conference on Economics and Computation | [SJR:norm_title] ACM Transactions on Economics and Computation,CORE A* | SJR Q3,norm_title,0,,[CORE A*] ACM Conference on Economics and Computation,,Y
acm principles distributed computing,[CORE:norm_title] ACM Symposium on Principles of Distributed Computing | [SJR:norm_title] Proceedings of the Annual ACM Symposium on Principles of Distributed Computing,CORE A* | SJR -,norm_title,0,,[CORE A*] ACM Symposium on Principles of Distributed Computing,,Y
acm siam discrete algorithms,[CORE:norm_title] ACM/SIAM Symposium on Discrete Algorithms | [SJR:norm_title] Proceedings of the Annual ACM-SIAM Symposium on Discrete Algorithms,CORE A* | SJR -,norm_title,0,,[CORE A*] ACM/SIAM Symposium on Discrete Algorithms,,Y
acm sigplan programming language design implementation,[CORE:norm_title] ACM-SIGPLAN Conference on Programming Language Design and Implementation | [SJR:norm_title] Proceedings of the ACM SIGPLAN Conference on Programming Language Design and Implementation (PLDI),CORE A* | SJR -,norm_title,0,,[CORE A*] ACM-SIGPLAN Conference on Programming Language Design and Implementation,,Y
advances neural information processing systems,[CORE:norm_title] Advances in Neural Information Processing Systems (was NIPS) | [SJR:norm_title] Advances in Neural Information Processing Systems,CORE A* | SJR -,norm_title,0,,[CORE A*] Advances in Neural Information Processing Systems (was NIPS),,Y
africa,[SJR:norm_title] Africa | [SJR:norm_title] Africa (Italy),SJR Q1 | SJR Q4,norm_title,0,,[SJR Q4] Africa (Italy),,Y
agricultural economics,[SJR:norm_title] Journal of Agricultural Economics | [SJR:norm_title] Agricultural Economics (United Kingdom) | [SJR:norm_title] Agricultural Economics (Czech Republic),SJR Q1 | SJR Q1 | SJR Q2,norm_title,0,,[SJR Q2] Agricultural Economics (Czech Republic),,Y
agriculture,[SJR:norm_title] Agriculture (Switzerland) | [SJR:norm_title] Agriculture (Pol'nohospodarstvo),SJR Q1 | SJR Q3,norm_title,0,,[SJR Q3] Agriculture (Pol'nohospodarstvo),,Y
agronomy,[SJR:norm_title] Agronomy | [SJR:norm_title] International Journal of Agronomy,SJR Q1 | SJR Q2,norm_title,0,,[SJR Q2] International Journal of Agronomy,,Y
algorithm engineering experiments,[CORE:norm_title] Workshop on Algorithm Engineering and Experiments | [SJR:norm_title] Proceedings of the Workshop on Algorithm Engineering and Experiments,CORE A | SJR -,norm_title,0,,[CORE A] Workshop on Algorithm Engineering and Experiments,,Y
american history,[SJR:norm_title] Journal of American History | [SJR:norm_title] American History,SJR Q1 | SJR Q4,norm_title,0,,[SJR Q4] American History,,Y
analysis,[SJR:norm_title] Analysis | [SJR:norm_title] Journal of Analysis | [SJR:norm_title] Analysis (Germany),SJR Q1 | SJR Q2 | SJR Q3,norm_title,0,,[SJR Q3] Analysis (Germany),,Y
analysis applications,[SJR:norm_title] Analysis and Applications | [SJR:norm_title] International Journal of Analysis and Applications | [SJR:norm_title] Journal of Analysis and Applications,SJR Q1 | SJR Q3 | SJR Q4,norm_title,0,,[SJR Q4] Journal of Analysis and Applications,,Y
analytical chemistry,[SJR:norm_title] Analytical Chemistry | [SJR:norm_title] International Journal of Analytical Chemistry | [SJR:norm_title] Journal of Analytical Chemistry,SJR Q1 | SJR Q2 | SJR Q3,norm_title,0,,[SJR Q3] Journal of Analytical Chemistry,,Y
anthropologie,[SJR:norm_title] Anthropologie (France) | [SJR:norm_title] Anthropologie (Czech Republic),SJR Q1 | SJR Q3,norm_title,0,,[SJR Q3] Anthropologie (Czech Republic),,Y
antibiotics,[SJR:norm_title] Antibiotics | [SJR:norm_title] Journal of Antibiotics,SJR Q1 | SJR Q3,norm_title,0,,[SJR Q3] Journal of Antibiotics,,Y
applied biological chemistry,[SJR:norm_title] Applied Biological Chemistry | [SJR:norm_title] Journal of Applied Biological Chemistry,SJR Q1 | SJR Q4,norm_title,0,,[SJR Q4] Journal of Applied Biological Chemistry,,Y
applied computational mathematics,[SJR:norm_title] Applied and Computational Mathematics | [SJR:norm_title] International Journal of Applied and Computational Mathematics,SJR Q1 | SJR Q3,norm_title,0,,[SJR Q3] International Journal of Applied and Computational Mathematics,,Y
applied econometrics,[SJR:norm_title] Journal of Applied Econometrics | [SJR:norm_title] Applied Econometrics,SJR Q1 | SJR Q4,norm_title,0,,[SJR Q4] Applied Econometrics,,Y
applied economics,[SJR:norm_title] Applied Economics | [SJR:norm_title] Journal of Applied Economics,SJR Q2 | SJR Q1,norm_title,0,,[SJR Q1] Journal of Applied Economics,,Y
applied mathematics mechanics,[SJR:norm_title] Applied Mathematics and Mechanics (English Edition) | [SJR:norm_title] Applied Mathematics and Mechanics,SJR Q1 | SJR Q3,norm_title,0,,[SJR Q3] Applied Mathematics and Mechanics,,Y
applied philosophy,[SJR:norm_title] Journal of Applied Philosophy | [SJR:norm_title] International Journal of Applied Philosophy,SJR Q1 | SJR Q3,norm_title,0,,[SJR Q3] International Journal of Applied Philosophy,,Y
arbitration,[SJR:norm_title] Arbitration International | [SJR:norm_title] Journal of International Arbitration | [SJR:norm_title] Arbitration,SJR Q1 | SJR Q2 | SJR Q2,norm_title,0,,[SJR Q2] Arbitration,,Y
artificial intelligence,[CORE:norm_title] International Conference on Artificial Intelligence | [SJR:norm_title] Artificial Intelligence | [SJR:norm_title] International Journal of Artificial Intelligence,CORE National: USA | SJR Q1 | SJR Q4,norm_title,0,,[CORE National: USA] International Conference on Artificial Intelligence,,Y
artificial intelligence law,[CORE:norm_title] International Conference on Artificial Intelligence and Law | [SJR:norm_title] Artificial Intelligence and Law,CORE C | SJR Q1,norm_title,0,,[CORE C] International Conference on Artificial Intelligence and Law,,Y
artificial intelligence medicine,[CORE:norm_title] International Conference on Artificial Intelligence in Medicine | [SJR:norm_title] Artificial Intelligence in Medicine,CORE B | SJR Q1,norm_title,0,,[CORE B] International Conference on Artificial Intelligence in Medicine,,Y
asian studies,[SJR:norm_title] Asian Studies | [SJR:norm_title] Journal of Asian Studies | [SJR:norm_title] International Journal of Asian Studies,SJR Q1 | SJR Q1 | SJR Q2,norm_title,0,,[SJR Q2] International Journal of Asian Studies,,Y
asian studies review,[SJR:norm_title] Asian Studies Review | [SJR:norm_title] Asian International Studies Review,SJR Q1 | SJR Q2,norm_title,0,,[SJR Q2] Asian International Studies Review,,Y
association for information science technology,[SJR:norm_title] Journal of the Association for Information Science and Technology | [SJR:norm_title] Proceedings of the Association for Information Science and Technology,SJR Q1 | SJR Q2,norm_title,0,,[SJR Q2] Proceedings of the Association for Information Science and Technology,,Y
astrobiology,[SJR:norm_title] Astrobiology | [SJR:norm_title] International Journal of Astrobiology,SJR Q1 | SJR Q3,norm_title,0,,[SJR Q3] International Journal of Astrobiology,,Y
autoimmunity,[SJR:norm_title] Journal of Autoimmunity | [SJR:norm_title] Autoimmunity,SJR Q1 | SJR Q2,norm_title,0,,[SJR Q2] Autoimmunity,,Y
banking finance,[SJR:norm_title] Journal of Banking and Finance | [SJR:norm_title] International Journal of Banking and Finance,SJR Q1 | SJR Q4,norm_title,0,,[SJR Q4] International Journal of Banking and Finance,,Y
big data,[SJR:norm_title] Journal of Big Data | [SJR:norm_title] Big Data,SJR Q1 | SJR Q2,norm_title,0,,[SJR Q2] Big Data,,Y
biological control,[SJR:norm_title] Biological Control | [SJR:norm_title] Journal of Biological Control,SJR Q1 | SJR Q4,norm_title,0,,[SJR Q4] Journal of Biological Control,,Y
biological research,[SJR:norm_title] Biological Research | [SJR:norm_title] Journal of Biological Research (Greece) | [SJR:norm_title] Journal of Biological Research (Italy),SJR Q1 | SJR Q4 | SJR Q4,norm_title,0,,[SJR Q4] Journal of Biological Research (Italy),,Y
biomaterials,[SJR:norm_title] Biomaterials | [SJR:norm_title] International Journal of Biomaterials,SJR Q1 | SJR Q2,norm_title,0,,[SJR Q2] International Journal of Biomaterials,,Y
biometrics,[SJR:norm_title] Biometrics | [SJR:norm_title] International Journal of Biometrics,SJR Q1 | SJR Q3,norm_title,0,,[SJR Q3] International Journal of Biometrics,,Y
biostatistics,[SJR:norm_title] Biostatistics | [SJR:norm_title] International Journal of Biostatistics,SJR Q1 | SJR Q2,norm_title,0,,[SJR Q2] International Journal of Biostatistics,,Y
biosystems engineering,[SJR:norm_title] Biosystems Engineering | [SJR:norm_title] Journal of Biosystems Engineering,SJR Q1 | SJR Q2,norm_title,0,,[SJR Q2] Journal of Biosystems Engineering,,Y
breast cancer,[SJR:norm_title] Breast Cancer | [SJR:norm_title] Journal of Breast Cancer | [SJR:norm_title] International Journal of Breast Cancer,SJR Q1 | SJR Q2 | SJR Q3,norm_title,0,,[SJR Q3] International Journal of Breast Cancer,,Y
business society,[SJR:norm_title] Business and Society | [SJR:norm_title] International Journal of Business and Society,SJR Q1 | SJR Q3,norm_title,0,,[SJR Q3] International Journal of Business and Society,,Y
cancer,[SJR:norm_title] Cancer | [SJR:norm_title] International Journal of Cancer | [SJR:norm_title] Journal of Cancer,SJR Q1 | SJR Q1 | SJR Q2,norm_title,0,,[SJR Q2] Journal of Cancer,,Y
cardiology,[SJR:norm_title] International Journal of Cardiology | [SJR:norm_title] Journal of Cardiology | [SJR:norm_title] Cardiology (Switzerland),SJR Q1 | SJR Q1 | SJR Q2,norm_title,0,,[SJR Q2] Cardiology (Switzerland),,Y
cell biology,[SJR:norm_title] Journal of Cell Biology | [SJR:norm_title] Cell Biology International | [SJR:norm_title] International Journal of Cell Biology,SJR Q1 | SJR Q1 | SJR Q3,norm_title,0,,[SJR Q3] International Journal of Cell Biology,,Y
central south university,[SJR:norm_title] Journal of Central South University | [SJR:norm_title] Journal of Central South University (Medical Sciences),SJR Q1 | SJR Q3,norm_title,0,,[SJR Q3] Journal of Central South University (Medical Sciences),,Y
ceramics,[SJR:norm_title] Ceramics International | [SJR:norm_title] Ceramics | [SJR:norm_title] Journal of Ceramics,SJR Q1 | SJR Q2 | SJR Q4,norm_title,0,,[SJR Q4] Journal of Ceramics,,Y
chinese medicine,[SJR:norm_title] Chinese Medicine (United Kingdom) | [SJR:norm_title] Journal of Chinese Medicine,SJR Q1 | SJR Q4,norm_title,0,,[SJR Q4] Journal of Chinese Medicine,,Y
climate,[SJR:norm_title] Journal of Climate | [SJR:norm_title] Climate,SJR Q1 | SJR Q2,norm_title,0,,[SJR Q2] Climate,,Y
clinical ethics,[SJR:norm_title] Journal of Clinical Ethics | [SJR:norm_title] Clinical Ethics,SJR Q3 | SJR Q1,norm_title,0,,[SJR Q1] Clinical Ethics,,Y
clinical hematology,[SJR:norm_title] Clinical Hematology International | [SJR:norm_title] Journal of Clinical Hematology,SJR Q1 | SJR Q4,norm_title,0,,[SJR Q4] Journal of Clinical Hematology,,Y
clinical hypertension,[SJR:norm_title] Clinical Hypertension | [SJR:norm_title] Journal of Clinical Hypertension,SJR Q1 | SJR Q2,norm_title,0,,[SJR Q2] Journal of Clinical Hypertension,,Y
clinical immunology,[SJR:norm_title] Journal of Clinical Immunology | [SJR:norm_title] Clinical Immunology,SJR Q1 | SJR Q2,norm_title,0,,[SJR Q2] Clinical Immunology,,Y
clinical pharmacology therapeutics,[SJR:norm_title] Clinical Pharmacology and Therapeutics | [SJR:norm_title] International Journal of Clinical Pharmacology and Therapeutics,SJR Q1 | SJR Q3,norm_title,0,,[SJR Q3] International Journal of Clinical Pharmacology and Therapeutics,,Y
cloud computing,[SJR:norm_title] Journal of Cloud Computing | [SJR:norm_title] International Journal of Cloud Computing,SJR Q1 | SJR Q4,norm_title,0,,[SJR Q4] International Journal of Cloud Computing,,Y
cognitive science,[SJR:norm_title] Cognitive Science | [SJR:norm_title] Journal of Cognitive Science,SJR Q1 | SJR Q3,norm_title,0,,[SJR Q3] Journal of Cognitive Science,,Y
communication,[SJR:norm_title] Journal of Communication | [SJR:norm_title] International Journal of Communication | [SJR:norm_title] Journal of International Communication,SJR Q1 | SJR Q1 | SJR Q3,norm_title,0,,[SJR Q3] Journal of International Communication,,Y
communication management,[SJR:norm_title] Journal of Communication Management | [SJR:norm_title] Communication and Management,SJR Q1 | SJR Q4,norm_title,0,,[SJR Q4] Communication and Management,,Y
communications,[SJR:norm_title] Communications | [SJR:norm_title] Journal of Communications,SJR Q1 | SJR Q3,norm_title,0,,[SJR Q3] Journal of Communications,,Y
comparative politics,[SJR:norm_title] Comparative Politics | [SJR:norm_title] Journal of Comparative Politics,SJR Q1 | SJR Q2,norm_title,0,,[SJR Q2] Journal of Comparative Politics,,Y
comparative sociology,[SJR:norm_title] International Journal of Comparative Sociology | [SJR:norm_title] Comparative Sociology,SJR Q1 | SJR Q3,norm_title,0,,[SJR Q3] Comparative Sociology,,Y
complexity,[SJR:norm_title] Journal of Complexity | [SJR:norm_title] Complexity,SJR Q1 | SJR Q2,norm_title,0,,[SJR Q2] Complexity,,Y
computational applied mathematics,[SJR:norm_title] Journal of Computational and Applied Mathematics | [SJR:norm_title] Computational and Applied Mathematics,SJR Q1 | SJR Q2,norm_title,0,,[SJR Q2] Computational and Applied Mathematics,,Y
computational geometry,[CORE:norm_title] International Symposium on Computational Geometry | [SJR:norm_title] Journal of Computational Geometry,CORE A* | SJR Q3,norm_title,0,,[CORE A*] International Symposium on Computational Geometry,,Y
computational linguistics,[CORE:norm_title] International Conference on Computational Linguistics | [SJR:norm_title] Computational Linguistics,CORE B | SJR Q1,norm_title,0,,[CORE B] International Conference on Computational Linguistics,,Y
computational science,[CORE:norm_title] International Conference on Computational Science | [SJR:norm_title] Journal of Computational Science,CORE Multiconference | SJR Q1,norm_title,0,,[CORE Multiconference] International Conference on Computational Science,,Y
consumer marketing,[SJR:norm_title] Journal of Consumer Marketing | [SJR:norm_title] Journal of International Consumer Marketing,SJR Q1 | SJR Q2,norm_title,0,,[SJR Q2] Journal of International Consumer Marketing,,Y
contemporary physics,[SJR:norm_title] Contemporary Physics | [SJR:norm_title] Journal of Contemporary Physics,SJR Q1 | SJR Q4,norm_title,0,,[SJR Q4] Journal of Contemporary Physics,,Y
criminal justice review,[SJR:norm_title] Criminal Justice Review | [SJR:norm_title] International Criminal Justice Review,SJR Q1 | SJR Q2,norm_title,0,,[SJR Q2] International Criminal Justice Review,,Y
critical care medicine,[SJR:norm_title] Critical Care Medicine | [SJR:norm_title] Journal of Critical Care Medicine,SJR Q1 | SJR Q2,norm_title,0,,[SJR Q2] Journal of Critical Care Medicine,,Y
critique,[SJR:norm_title] Critique | [SJR:norm_title] Critique (France),SJR Q1 | SJR Q4,norm_title,0,,[SJR Q4] Critique (France),,Y
crop protection,[SJR:norm_title] Crop Protection | [SJR:norm_title] Journal of Crop Protection,SJR Q1 | SJR Q4,norm_title,0,,[SJR Q4] Journal of Crop Protection,,Y
dairy science,[SJR:norm_title] Journal of Dairy Science | [SJR:norm_title] International Journal of Dairy Science,SJR Q1 | SJR Q4,norm_title,0,,[SJR Q4] International Journal of Dairy Science,,Y
data information management,"[SJR:norm_title] Data and Information Management | [SJR:norm_title] Journal of Data, Information and Management",SJR Q1 | SJR Q2,norm_title,0,,"[SJR Q2] Journal of Data, Information and Management",,Y
dental journal,[SJR:norm_title] International Dental Journal | [SJR:norm_title] Dental Journal,SJR Q1 | SJR Q3,norm_title,0,,[SJR Q3] Dental Journal,,Y
dentistry,[SJR:norm_title] Journal of Dentistry | [SJR:norm_title] International Journal of Dentistry | [SJR:norm_title] Journal of Dentistry (Iran) | [SJR:norm_title] Dentistry 3000,SJR Q1 | SJR Q1 | SJR Q2 | SJR Q3,norm_title,0,,[SJR Q3] Dentistry 3000,,Y
design,[SJR:norm_title] International Journal of Design | [SJR:norm_title] Journal of Design,SJR Q1 | SJR Q2,norm_title,0,,[SJR Q2] Journal of Design,,Y
designs for learning,[SJR:norm_title] Designs for Learning | [SJR:norm_title] International Journal of Designs for Learning,SJR Q1 | SJR Q4,norm_title,0,,[SJR Q4] International Journal of Designs for Learning,,Y
development,[SJR:norm_title] Development (Cambridge) | [SJR:norm_title] Journal of International Development | [SJR:norm_title] Development,SJR Q1 | SJR Q2 | SJR Q3,norm_title,0,,[SJR Q3] Development,,Y
differential equations,[SJR:norm_title] Journal of Differential Equations | [SJR:norm_title] Differential Equations | [SJR:norm_title] International Journal of Differential Equations,SJR Q1 | SJR Q2 | SJR Q3,norm_title,0,,[SJR Q3] International Journal of Differential Equations,,Y
distributed computing,[CORE:norm_title] International Symposium on Distributed Computing (was WDAG) | [SJR:norm_title] Distributed Computing,CORE A | SJR Q2,norm_title,0,,[CORE A] International Symposium on Distributed Computing (was WDAG),,Y
diversity higher education,[SJR:norm_title] Journal of Diversity in Higher Education | [SJR:norm_title] Diversity in Higher Education,SJR Q1 | SJR -,norm_title,0,,[SJR -] Diversity in Higher Education,,Y
ecological engineering,[SJR:norm_title] Ecological Engineering | [SJR:norm_title] Journal of Ecological Engineering,SJR Q1 | SJR Q2,norm_title,0,,[SJR Q2] Journal of Ecological Engineering,,Y
ecology,[SJR:norm_title] Journal of Ecology | [SJR:norm_title] Ecology | [SJR:norm_title] International Journal of Ecology,SJR Q1 | SJR Q1 | SJR Q2,norm_title,0,,[SJR Q2] International Journal of Ecology,,Y
econometrics,[SJR:norm_title] Journal of Econometrics | [SJR:norm_title] Econometrics,SJR Q1 | SJR Q3,norm_title,0,,[SJR Q3] Econometrics,,Y
economic geography,[SJR:norm_title] Economic Geography | [SJR:norm_title] Journal of Economic Geography | [SJR:norm_title] Economic Geography (Switzerland),SJR Q1 | SJR Q1 | SJR Q3,norm_title,0,,[SJR Q3] Economic Geography (Switzerland),,Y
economic geology,[SJR:norm_title] Economic Geology | [SJR:norm_title] Journal of Economic Geology,SJR Q1 | SJR Q4,norm_title,0,,[SJR Q4] Journal of Economic Geology,,Y
economic journal,[SJR:norm_title] Economic Journal | [SJR:norm_title] International Economic Journal,SJR Q1 | SJR Q2,norm_title,0,,[SJR Q2] International Economic Journal,,Y
economic theory,[SJR:norm_title] Journal of Economic Theory | [SJR:norm_title] Economic Theory | [SJR:norm_title] International Journal of Economic Theory,SJR Q1 | SJR Q1 | SJR Q3,norm_title,0,,[SJR Q3] International Journal of Economic Theory,,Y
economics,[SJR:norm_title] Journal of International Economics | [SJR:norm_title] International Economics | [SJR:norm_title] Economics,SJR Q1 | SJR Q1 | SJR Q2,norm_title,0,,[SJR Q2] Economics,,Y
economics business,[SJR:norm_title] Journal of Economics and Business | [SJR:norm_title] International Journal of the Economics of Business,SJR Q1 | SJR Q2,norm_title,0,,[SJR Q2] International Journal of the Economics of Business,,Y
economics development,[SJR:norm_title] Journal of Economics and Development | [SJR:norm_title] Economics of Development (discontinued),SJR Q1 | SJR -,norm_title,0,,[SJR -] Economics of Development (discontinued),,Y
education,[SJR:norm_title] Journal of Education | [SJR:norm_title] Journal of Education (South Africa),SJR Q1 | SJR Q3,norm_title,0,,[SJR Q3] Journal of Education (South Africa),,Y
education culture society,"[SJR:norm_title] Journal of Education Culture and Society | [SJR:norm_title] Education, Culture, and Society",SJR Q1 | SJR Q4,norm_title,0,,"[SJR Q4] Education, Culture, and Society",,Y
educational research,[SJR:norm_title] Educational Research | [SJR:norm_title] International Journal of Educational Research | [SJR:norm_title] Journal of Educational Research,SJR Q1 | SJR Q1 | SJR Q2,norm_title,0,,[SJR Q2] Journal of Educational Research,,Y
emergency nursing,[SJR:norm_title] International Emergency Nursing | [SJR:norm_title] Journal of Emergency Nursing,SJR Q1 | SJR Q2,norm_title,0,,[SJR Q2] Journal of Emergency Nursing,,Y
empirical economics,[SJR:norm_title] Empirical Economics | [SJR:norm_title] International Journal of Empirical Economics,SJR Q1 | SJR Q3,norm_title,0,,[SJR Q3] International Journal of Empirical Economics,,Y
empirical software engineering measurement,[CORE:norm_title] International Symposium on Empirical Software Engineering and Measurement | [SJR:norm_title] International Symposium on Empirical Software Engineering and Measurement,CORE A | SJR -,norm_title,0,,[CORE A] International Symposium on Empirical Software Engineering and Measurement,,Y
endocrinology metabolism,[SJR:norm_title] Endocrinology and Metabolism | [SJR:norm_title] International Journal of Endocrinology and Metabolism | [SJR:norm_title] Journal of Endocrinology and Metabolism,SJR Q1 | SJR Q3 | SJR Q4,norm_title,0,,[SJR Q4] Journal of Endocrinology and Metabolism,,Y
energy storage,[SJR:norm_title] Journal of Energy Storage | [SJR:norm_title] Energy Storage,SJR Q1 | SJR Q2,norm_title,0,,[SJR Q2] Energy Storage,,Y
engineering,[SJR:norm_title] Engineering | [SJR:norm_title] Journal of Engineering (United Kingdom) | [SJR:norm_title] Journal of Engineering,SJR Q1 | SJR Q2 | SJR Q3,norm_title,0,,[SJR Q4] Engineering,,Y
engineering education,[SJR:norm_title] Journal of Engineering Education | [SJR:norm_title] International Journal of Engineering Education,SJR Q1 | SJR Q2,norm_title,0,,[SJR Q2] International Journal of Engineering Education,,Y
engineering geology,[SJR:norm_title] Engineering Geology | [SJR:norm_title] Journal of Engineering Geology,SJR Q1 | SJR Q4,norm_title,0,,[SJR Q4] Journal of Engineering Geology,,Y
english studies,[SJR:norm_title] English Studies | [SJR:norm_title] International Journal of English Studies | [SJR:norm_title] Journal of English Studies,SJR Q1 | SJR Q1 | SJR Q2,norm_title,0,,[SJR Q2] Journal of English Studies,,Y
english teaching,[SJR:norm_title] English Teaching | [SJR:norm_title] English Teaching (South Korea),SJR Q1 | SJR Q3,norm_title,0,,[SJR Q3] English Teaching (South Korea),,Y
enterprise information systems,[SJR:norm_title] Enterprise Information Systems | [SJR:norm_title] International Journal of Enterprise Information Systems,SJR Q1 | SJR Q3,norm_title,0,,[SJR Q3] International Journal of Enterprise Information Systems,,Y
environment health,[SJR:norm_title] Environment and Health | [SJR:norm_title] International Journal of Environment and Health,SJR Q1 | SJR Q2,norm_title,0,,[SJR Q2] International Journal of Environment and Health,,Y
environmental earth sciences,[SJR:norm_title] Environmental Earth Sciences | [SJR:norm_title] Journal of Environmental and Earth Sciences (discontinued),SJR Q1 | SJR -,norm_title,0,,[SJR -] Journal of Environmental and Earth Sciences (discontinued),,Y
environmental law,[SJR:norm_title] Journal of Environmental Law | [SJR:norm_title] International Environmental Law,SJR Q1 | SJR Q4,norm_title,0,,[SJR Q4] International Environmental Law,,Y
environmental sustainability,[SJR:norm_title] Environmental Sustainability | [SJR:norm_title] International Journal of Environmental Sustainability,SJR Q1 | SJR Q4,norm_title,0,,[SJR Q4] International Journal of Environmental Sustainability,,Y
european education,[SJR:norm_title] European Journal of Education | [SJR:norm_title] European Education,SJR Q1 | SJR Q3,norm_title,0,,[SJR Q3] European Education,,Y
european psychiatry,[SJR:norm_title] European Psychiatry | [SJR:norm_title] European Journal of Psychiatry,SJR Q1 | SJR Q2,norm_title,0,,[SJR Q2] European Journal of Psychiatry,,Y
evolutionary biology,[SJR:norm_title] Journal of Evolutionary Biology | [SJR:norm_title] Evolutionary Biology,SJR Q1 | SJR Q2,norm_title,0,,[SJR Q2] Evolutionary Biology,,Y
fertility sterility,[SJR:norm_title] Fertility and Sterility | [SJR:norm_title] International Journal of Fertility and Sterility,SJR Q1 | SJR Q2,norm_title,0,,[SJR Q2] International Journal of Fertility and Sterility,,Y
finance,[SJR:norm_title] Journal of Finance | [SJR:norm_title] International Finance | [SJR:norm_title] Finance,SJR Q1 | SJR Q2 | SJR Q4,norm_title,0,,[SJR Q4] Finance,,Y
folklore,[SJR:norm_title] Folklore (United Kingdom) | [SJR:norm_title] Folklore (Estonia),SJR Q1 | SJR Q2,norm_title,0,,[SJR Q2] Folklore (Estonia),,Y
food engineering,[SJR:norm_title] Journal of Food Engineering | [SJR:norm_title] International Journal of Food Engineering,SJR Q1 | SJR Q2,norm_title,0,,[SJR Q2] International Journal of Food Engineering,,Y
food nutrition research,[SJR:norm_title] Food and Nutrition Research | [SJR:norm_title] Journal of Food and Nutrition Research,SJR Q1 | SJR Q3,norm_title,0,,[SJR Q3] Journal of Food and Nutrition Research,,Y
food research,[SJR:norm_title] Food Research International | [SJR:norm_title] Food Research,SJR Q1 | SJR Q3,norm_title,0,,[SJR Q3] Food Research,,Y
food science,[SJR:norm_title] Journal of Food Science | [SJR:norm_title] International Journal of Food Science,SJR Q1 | SJR Q2,norm_title,0,,[SJR Q2] International Journal of Food Science,,Y
food science biotechnology,[SJR:norm_title] Food Science and Biotechnology | [SJR:norm_title] Journal of Food Science and Biotechnology,SJR Q1 | SJR Q4,norm_title,0,,[SJR Q4] Journal of Food Science and Biotechnology,,Y
food science technology,[SJR:norm_title] Journal of Food Science and Technology | [SJR:norm_title] International Journal of Food Science and Technology | [SJR:norm_title] Food Science and Technology International | [SJR:norm_title] Food Science and Technology (United States) | [SJR:norm_title] Journal of Food Science and Technology (China) | [SJR:norm_title] Journal of Food Science and Technology (Iran),SJR Q2 | SJR Q1 | SJR Q2 | SJR Q3 | SJR Q3 | SJR Q4,norm_title,0,,[SJR Q4] Journal of Food Science and Technology (Iran),,Y
forecasting,[SJR:norm_title] International Journal of Forecasting | [SJR:norm_title] Forecasting | [SJR:norm_title] Journal of Forecasting,SJR Q1 | SJR Q1 | SJR Q2,norm_title,0,,[SJR Q2] Journal of Forecasting,,Y
forest engineering,[SJR:norm_title] International Journal of Forest Engineering | [SJR:norm_title] Forest Engineering,SJR Q1 | SJR Q3,norm_title,0,,[SJR Q3] Forest Engineering,,Y
forestry research,[SJR:norm_title] Forestry Research | [SJR:norm_title] Journal of Forestry Research | [SJR:norm_title] International Journal of Forestry Research,SJR Q1 | SJR Q1 | SJR Q2,norm_title,0,,[SJR Q2] International Journal of Forestry Research,,Y
forum,[SJR:norm_title] Forum (Germany) | [SJR:norm_title] FORUM (The Netherlands),SJR Q2 | SJR Q1,norm_title,0,,[SJR Q1] FORUM (The Netherlands),,Y
frontiers education,[CORE:norm_title] Frontiers in Education | [SJR:norm_title] Frontiers in Education,CORE C | SJR Q1,norm_title,0,,[CORE C] Frontiers in Education,,Y
frontiers mechanical engineering,[SJR:norm_title] Frontiers of Mechanical Engineering | [SJR:norm_title] Frontiers in Mechanical Engineering,SJR Q1 | SJR Q2,norm_title,0,,[SJR Q2] Frontiers in Mechanical Engineering,,Y
frontiers physics,[SJR:norm_title] Frontiers of Physics | [SJR:norm_title] Frontiers in Physics,SJR Q1 | SJR Q2,norm_title,0,,[SJR Q2] Frontiers in Physics,,Y
fse,"[CORE:acronym] ACM International Conference on the Foundations of Software Engineering (was ESEC/FSE, changed 2024; duplicate previously listed as ESEC, removed from DB) | [CORE:acronym] International Workshop on Fast Software Encryption",CORE A* | CORE B,acronym,0,,[CORE B] International Workshop on Fast Software Encryption,,Y
functional programming,[CORE:norm_title] International Conference on Functional Programming | [SJR:norm_title] Journal of Functional Programming,CORE A | SJR Q3,norm_title,0,,[CORE A] International Conference on Functional Programming,,Y
fuzzy sets systems,[SJR:norm_title] Fuzzy Sets and Systems | [SJR:norm_title] Transactions on Fuzzy Sets and Systems,SJR Q1 | SJR Q3,norm_title,0,,[SJR Q3] Transactions on Fuzzy Sets and Systems,,Y
gambling studies,[SJR:norm_title] Journal of Gambling Studies | [SJR:norm_title] International Gambling Studies,SJR Q1 | SJR Q2,norm_title,0,,[SJR Q2] International Gambling Studies,,Y
gastroenterology,[SJR:norm_title] Gastroenterology | [SJR:norm_title] Journal of Gastroenterology | [SJR:norm_title] Gastroenterology (Ukraine),SJR Q1 | SJR Q1 | SJR Q4,norm_title,0,,[SJR Q4] Gastroenterology (Ukraine),,Y
gastroenterology hepatology,[SJR:norm_title] Journal of Gastroenterology and Hepatology (Australia) | [SJR:norm_title] Gastroenterology and Hepatology,SJR Q1 | SJR Q2,norm_title,0,,[SJR Q2] Gastroenterology and Hepatology,,Y
gender studies,[SJR:norm_title] Journal of Gender Studies | [SJR:norm_title] Gender Studies,SJR Q1 | SJR Q4,norm_title,0,,[SJR Q4] Gender Studies,,Y
genetics,[SJR:norm_title] Genetics | [SJR:norm_title] Journal of Genetics,SJR Q1 | SJR Q4,norm_title,0,,[SJR Q4] Journal of Genetics,,Y
geographical sciences,[SJR:norm_title] Journal of Geographical Sciences | [SJR:norm_title] Geographical Sciences,SJR Q1 | SJR Q3,norm_title,0,,[SJR Q3] Geographical Sciences,,Y
geology,[SJR:norm_title] Geology | [SJR:norm_title] Journal of Geology,SJR Q1 | SJR Q2,norm_title,0,,[SJR Q2] Journal of Geology,,Y
geomechanics,[SJR:norm_title] International Journal of Geomechanics | [SJR:norm_title] Journal of Geomechanics,SJR Q1 | SJR Q2,norm_title,0,,[SJR Q2] Journal of Geomechanics,,Y
geophysics,[SJR:norm_title] Geophysics | [SJR:norm_title] International Journal of Geophysics,SJR Q1 | SJR Q3,norm_title,0,,[SJR Q3] International Journal of Geophysics,,Y
health,[SJR:norm_title] International Health | [SJR:norm_title] Health (United Kingdom),SJR Q1 | SJR Q2,norm_title,0,,[SJR Q2] Health (United Kingdom),,Y
health psychology,[SJR:norm_title] Health Psychology | [SJR:norm_title] Journal of Health Psychology,SJR Q1 | SJR Q2,norm_title,0,,[SJR Q2] Journal of Health Psychology,,Y
healthcare informatics research,[SJR:norm_title] Journal of Healthcare Informatics Research | [SJR:norm_title] Healthcare Informatics Research,SJR Q1 | SJR Q2,norm_title,0,,[SJR Q2] Healthcare Informatics Research,,Y
heat mass transfer,[SJR:norm_title] International Journal of Heat and Mass Transfer | [SJR:norm_title] Heat and Mass Transfer,SJR Q1 | SJR Q2,norm_title,0,,[SJR Q2] Heat and Mass Transfer,,Y
hematology,[SJR:norm_title] Hematology (United States) | [SJR:norm_title] International Journal of Hematology | [SJR:norm_title] Hematology (United Kingdom) | [SJR:norm_title] Hematology (Bulgaria),SJR Q1 | SJR Q2 | SJR Q2 | SJR Q4,norm_title,0,,[SJR Q4] Hematology (Bulgaria),,Y
hepatology,[SJR:norm_title] Journal of Hepatology | [SJR:norm_title] Hepatology | [SJR:norm_title] Hepatology International | [SJR:norm_title] International Journal of Hepatology,SJR Q1 | SJR Q1 | SJR Q1 | SJR Q3,norm_title,0,,[SJR Q3] International Journal of Hepatology,,Y
hindu studies,[SJR:norm_title] International Journal of Hindu Studies | [SJR:norm_title] Journal of Hindu Studies,SJR Q1 | SJR Q2,norm_title,0,,[SJR Q2] Journal of Hindu Studies,,Y
historical geography,[SJR:norm_title] Journal of Historical Geography | [SJR:norm_title] Historical Geography,SJR Q1 | SJR Q3,norm_title,0,,[SJR Q3] Historical Geography,,Y
human evolution,[SJR:norm_title] Journal of Human Evolution | [SJR:norm_title] Human Evolution,SJR Q1 | SJR Q4,norm_title,0,,[SJR Q4] Human Evolution,,Y
human genetics,[SJR:norm_title] Human Genetics | [SJR:norm_title] Journal of Human Genetics,SJR Q1 | SJR Q2,norm_title,0,,[SJR Q2] Journal of Human Genetics,,Y
human rights,[SJR:norm_title] Journal of Human Rights | [SJR:norm_title] International Journal of Human Rights | [SJR:norm_title] Human Rights,SJR Q1 | SJR Q1 | SJR Q4,norm_title,0,,[SJR Q4] Human Rights,,Y
human rights law review,[SJR:norm_title] Human Rights Law Review | [SJR:norm_title] International Human Rights Law Review,SJR Q1 | SJR Q3,norm_title,0,,[SJR Q3] International Human Rights Law Review,,Y
ieee cloud computing,[CORE:norm_title] IEEE International Conference on Cloud Computing | [SJR:norm_title] IEEE Transactions on Cloud Computing,CORE B | SJR Q1,norm_title,0,,[CORE B] IEEE International Conference on Cloud Computing,,Y
ieee electromagnetic compatibility,[SJR:norm_title] IEEE Transactions on Electromagnetic Compatibility | [SJR:norm_title] IEEE International Symposium on Electromagnetic Compatibility,SJR Q1 | SJR -,norm_title,0,,[SJR -] IEEE International Symposium on Electromagnetic Compatibility,,Y
ieee fuzzy systems,[CORE:norm_title] IEEE International Conference on Fuzzy Systems | [SJR:norm_title] IEEE Transactions on Fuzzy Systems | [SJR:norm_title] IEEE International Conference on Fuzzy Systems,CORE B | SJR Q1 | SJR -,norm_title,0,,[CORE B] IEEE International Conference on Fuzzy Systems,,Y
ieee information theory,[CORE:norm_title] IEEE International Symposium on Information Theory | [SJR:norm_title] IEEE Transactions on Information Theory,CORE B | SJR Q1,norm_title,0,,[CORE B] IEEE International Symposium on Information Theory,,Y
ieee intelligent systems,[CORE:norm_title] IEEE International Conference on Intelligent Systems | [SJR:norm_title] IEEE Intelligent Systems,CORE C | SJR Q1,norm_title,0,,[CORE C] IEEE International Conference on Intelligent Systems,,Y
ieee program comprehension,"[CORE:norm_title] IEEE International Conference on Program Comprehension (previously IWPC, changed in 2006) | [SJR:norm_title] IEEE International Conference on Program Comprehension",CORE A | SJR -,norm_title,0,,"[CORE A] IEEE International Conference on Program Comprehension (previously IWPC, changed in 2006)",,Y
ieee software engineering,[CORE:norm_title] IEEE Software Engineering Workshop | [SJR:norm_title] IEEE Transactions on Software Engineering,CORE C | SJR Q1,norm_title,0,,[CORE C] IEEE Software Engineering Workshop,,Y
ieee test conference,[CORE:norm_title] IEEE International Test Conference | [SJR:norm_title] IEEE International Test Conference (TC),CORE A | SJR -,norm_title,0,,[CORE A] IEEE International Test Conference,,Y
immunotherapy,[SJR:norm_title] Journal of Immunotherapy | [SJR:norm_title] Immunotherapy,SJR Q1 | SJR Q3,norm_title,0,,[SJR Q3] Immunotherapy,,Y
infectious diseases,[SJR:norm_title] Journal of Infectious Diseases | [SJR:norm_title] International Journal of Infectious Diseases | [SJR:norm_title] Infectious Diseases,SJR Q1 | SJR Q1 | SJR Q2,norm_title,0,,[SJR Q2] Infectious Diseases,,Y
inflammation,[SJR:norm_title] Inflammation | [SJR:norm_title] Journal of Inflammation (United Kingdom) | [SJR:norm_title] International Journal of Inflammation,SJR Q1 | SJR Q1 | SJR Q3,norm_title,0,,[SJR Q3] International Journal of Inflammation,,Y
inflammation research,[SJR:norm_title] Inflammation Research | [SJR:norm_title] Journal of Inflammation Research,SJR Q1 | SJR Q2,norm_title,0,,[SJR Q2] Journal of Inflammation Research,,Y
informatics,[CORE:acronym] IEEE International Scientific Conference on Informatics | [SJR:norm_title] Informatics,CORE National:Slovakia | SJR Q1,acronym | norm_title,0,,[CORE National:Slovakia] IEEE International Scientific Conference on Informatics,,Y
information display,[SJR:norm_title] Journal of Information Display | [SJR:norm_title] Information Display,SJR Q1 | SJR Q3,norm_title,0,,[SJR Q3] Information Display,,Y
information security applications,[CORE:norm_title] International Workshop on Information Security Applications | [SJR:norm_title] Journal of Information Security and Applications,CORE National: korea | SJR Q1,norm_title,0,,[CORE National: korea] International Workshop on Information Security Applications,,Y
information technology management,[SJR:norm_title] Information Technology and Management | [SJR:norm_title] Journal of Information Technology Management | [SJR:norm_title] International Journal of Information Technology and Management,SJR Q1 | SJR Q3 | SJR Q4,norm_title,0,,[SJR Q4] International Journal of Information Technology and Management,,Y
innate immunity,[SJR:norm_title] Journal of Innate Immunity | [SJR:norm_title] Innate Immunity,SJR Q1 | SJR Q2,norm_title,0,,[SJR Q2] Innate Immunity,,Y
innovation,[SJR:norm_title] Innovation | [SJR:norm_title] International Journal of Innovation,SJR Q1 | SJR Q3,norm_title,0,,[SJR Q3] International Journal of Innovation,,Y
inquiry,[SJR:norm_title] Inquiry (United States) | [SJR:norm_title] Inquiry (United Kingdom),SJR Q2 | SJR Q1,norm_title,0,,[SJR Q1] Inquiry (United Kingdom),,Y
integrated care,[SJR:norm_title] International Journal of Integrated Care | [SJR:norm_title] Journal of Integrated Care,SJR Q1 | SJR Q2,norm_title,0,,[SJR Q2] Journal of Integrated Care,,Y
intelligent systems,[SJR:norm_title] International Journal of Intelligent Systems | [SJR:norm_title] Journal of Intelligent Systems,SJR Q1 | SJR Q2,norm_title,0,,[SJR Q2] Journal of Intelligent Systems,,Y
intensive care medicine,[SJR:norm_title] Intensive Care Medicine | [SJR:norm_title] Journal of Intensive Care Medicine,SJR Q1 | SJR Q2,norm_title,0,,[SJR Q2] Journal of Intensive Care Medicine,,Y
iron steel research,[SJR:norm_title] Journal of Iron and Steel Research International | [SJR:norm_title] Journal of Iron and Steel Research,SJR Q1 | SJR Q3,norm_title,0,,[SJR Q3] Journal of Iron and Steel Research,,Y
islamic architecture,[SJR:norm_title] Journal of Islamic Architecture | [SJR:norm_title] International Journal of Islamic Architecture,SJR Q1 | SJR Q2,norm_title,0,,[SJR Q2] International Journal of Islamic Architecture,,Y
iswc,[CORE:acronym] IEEE International Symposium on Wearable Computers | [CORE:acronym] International Semantic Web Conference,CORE Journal Published | CORE A,acronym,0,,[CORE A] International Semantic Web Conference,,Y
itc,[CORE:acronym] IEEE International Test Conference | [CORE:acronym] International Teletraffic Congress,CORE A | CORE Unranked,acronym,0,,[CORE Unranked] International Teletraffic Congress,,Y
jesuit studies,[SJR:norm_title] Journal of Jesuit Studies | [SJR:norm_title] Jesuit Studies,SJR Q1 | SJR Q4,norm_title,0,,[SJR Q4] Jesuit Studies,,Y
knowledge management,[SJR:norm_title] Journal of Knowledge Management | [SJR:norm_title] International Journal of Knowledge Management,SJR Q1 | SJR Q2,norm_title,0,,[SJR Q2] International Journal of Knowledge Management,,Y
korean studies,[SJR:norm_title] Korean Journal of International Studies | [SJR:norm_title] Journal of Korean Studies | [SJR:norm_title] Korean Studies,SJR Q3 | SJR Q3 | SJR Q1,norm_title,0,,[SJR Q1] Korean Studies,,Y
language education,[SJR:norm_title] Language and Education | [SJR:norm_title] Journal of Language and Education | [SJR:norm_title] International Journal of Language Education | [SJR:norm_title] The Language of Education,SJR Q1 | SJR Q1 | SJR Q1 | SJR Q4,norm_title,0,,[SJR Q4] The Language of Education,,Y
law society,[SJR:norm_title] Journal of Law and Society | [SJR:norm_title] International Journal of Law and Society,SJR Q1 | SJR Q2,norm_title,0,,[SJR Q2] International Journal of Law and Society,,Y
learning disabilities,[SJR:norm_title] Journal of Learning Disabilities | [SJR:norm_title] Learning Disabilities,SJR Q1 | SJR Q3,norm_title,0,,[SJR Q3] Learning Disabilities,,Y
lexis,[SJR:norm_title] Lexis (Peru) | [SJR:norm_title] Lexis,SJR Q1 | SJR Q4,norm_title,0,,[SJR Q4] Lexis,,Y
libri,[SJR:norm_title] Libri | [SJR:norm_title] Libri (Turkey),SJR Q2 | SJR Q1,norm_title,0,,[SJR Q1] Libri (Turkey),,Y
limite,[SJR:norm_title] Limite | [SJR:norm_title] Limite (Chile),SJR Q1 | SJR Q2,norm_title,0,,[SJR Q2] Limite (Chile),,Y
liver transplantation,[SJR:norm_title] Liver Transplantation | [SJR:norm_title] Journal of Liver Transplantation,SJR Q1 | SJR Q3,norm_title,0,,[SJR Q3] Journal of Liver Transplantation,,Y
logos,[SJR:norm_title] Logos (Lithuania) | [SJR:norm_title] Logos (Russian Federation) | [SJR:norm_title] Logos (The Netherlands) | [SJR:norm_title] Logos (Spain) | [SJR:norm_title] Logos (United States),SJR Q2 | SJR Q1 | SJR Q1 | SJR Q3 | SJR Q2,norm_title,0,,[SJR Q2] Logos (United States),,Y
mabs,[CORE:acronym] International Workshop on MultiAgent Based Simulation | [SJR:norm_title] mAbs,CORE C | SJR Q1,acronym | norm_title,0,,[CORE C] International Workshop on MultiAgent Based Simulation,,Y
magnetic resonance imaging,[SJR:norm_title] Journal of Magnetic Resonance Imaging | [SJR:norm_title] Magnetic Resonance Imaging,SJR Q1 | SJR Q2,norm_title,0,,[SJR Q2] Magnetic Resonance Imaging,,Y
management,[SJR:norm_title] Journal of Management | [SJR:norm_title] Journal of International Management | [SJR:norm_title] Management (France) | [SJR:norm_title] Management (Croatia) | [SJR:norm_title] Management international | [SJR:norm_title] Management (Montevideo) (discontinued),SJR Q1 | SJR Q1 | SJR Q2 | SJR Q4 | SJR Q4 | SJR -,norm_title,0,,[SJR -] Management (Montevideo) (discontinued),,Y
management education,[SJR:norm_title] International Journal of Management Education | [SJR:norm_title] Journal of Management Education | [SJR:norm_title] Management in Education | [SJR:norm_title] International Journal of Management in Education,SJR Q1 | SJR Q1 | SJR Q2 | SJR Q3,norm_title,0,,[SJR Q3] International Journal of Management in Education,,Y
management review,[SJR:norm_title] Management International Review | [SJR:norm_title] Management Review (Taiwan),SJR Q1 | SJR Q4,norm_title,0,,[SJR Q4] Management Review (Taiwan),,Y
management sustainability,[SJR:norm_title] Management and Sustainability | [SJR:norm_title] International Journal of Management and Sustainability,SJR Q1 | SJR Q3,norm_title,0,,[SJR Q3] International Journal of Management and Sustainability,,Y
manufacturing technology management,[SJR:norm_title] Journal of Manufacturing Technology Management | [SJR:norm_title] International Journal of Manufacturing Technology and Management,SJR Q1 | SJR Q4,norm_title,0,,[SJR Q4] International Journal of Manufacturing Technology and Management,,Y
marine science technology,[SJR:norm_title] Journal of Marine Science and Technology | [SJR:norm_title] Journal of Marine Science and Technology (Taiwan),SJR Q1 | SJR Q4,norm_title,0,,[SJR Q4] Journal of Marine Science and Technology (Taiwan),,Y
materials science,[SJR:norm_title] Journal of Materials Science | [SJR:norm_title] Materials Science,SJR Q1 | SJR Q3,norm_title,0,,[SJR Q3] Materials Science,,Y
materials science technology,[SJR:norm_title] Journal of Materials Science and Technology | [SJR:norm_title] Materials Science and Technology (United Kingdom),SJR Q1 | SJR Q2,norm_title,0,,[SJR Q2] Materials Science and Technology (United Kingdom),,Y
meat science,[SJR:norm_title] Meat Science | [SJR:norm_title] Journal of Meat Science,SJR Q1 | SJR Q4,norm_title,0,,[SJR Q4] Journal of Meat Science,,Y
mechanical sciences,[SJR:norm_title] International Journal of Mechanical Sciences | [SJR:norm_title] Mechanical Sciences,SJR Q1 | SJR Q2,norm_title,0,,[SJR Q2] Mechanical Sciences,,Y
medical education,[SJR:norm_title] Medical Education | [SJR:norm_title] International Journal of Medical Education | [SJR:norm_title] International Medical Education,SJR Q1 | SJR Q2 | SJR Q2,norm_title,0,,[SJR Q2] International Medical Education,,Y
medical humanities,[SJR:norm_title] Medical Humanities | [SJR:norm_title] Journal of Medical Humanities,SJR Q1 | SJR Q3,norm_title,0,,[SJR Q3] Journal of Medical Humanities,,Y
medical microbiology,[SJR:norm_title] International Journal of Medical Microbiology | [SJR:norm_title] Journal of Medical Microbiology,SJR Q1 | SJR Q2,norm_title,0,,[SJR Q2] Journal of Medical Microbiology,,Y
medical mycology,[SJR:norm_title] Medical Mycology | [SJR:norm_title] Journal of Medical Mycology,SJR Q1 | SJR Q3,norm_title,0,,[SJR Q3] Journal of Medical Mycology,,Y
medicinal chemistry,[SJR:norm_title] Journal of Medicinal Chemistry | [SJR:norm_title] Medicinal Chemistry,SJR Q1 | SJR Q3,norm_title,0,,[SJR Q3] Medicinal Chemistry,,Y
mediterranean archaeology,[SJR:norm_title] Journal of Mediterranean Archaeology | [SJR:norm_title] Mediterranean Archaeology,SJR Q1 | SJR Q3,norm_title,0,,[SJR Q3] Mediterranean Archaeology,,Y
mental health,[SJR:norm_title] Journal of Mental Health | [SJR:norm_title] International Journal of Mental Health,SJR Q1 | SJR Q2,norm_title,0,,[SJR Q2] International Journal of Mental Health,,Y
micro,[CORE:acronym] International Symposium on Microarchitecture | [SJR:norm_title] Micro,CORE A* | SJR Q2,acronym | norm_title,0,,[CORE A*] International Symposium on Microarchitecture,,Y
microbiology,[SJR:norm_title] Microbiology (United Kingdom) | [SJR:norm_title] International Journal of Microbiology | [SJR:norm_title] Journal of Microbiology | [SJR:norm_title] International Microbiology | [SJR:norm_title] Microbiology (Russian Federation),SJR Q1 | SJR Q1 | SJR Q2 | SJR Q3 | SJR Q3,norm_title,0,,[SJR Q3] Microbiology (Russian Federation),,Y
microscopy,"[SJR:norm_title] Microscopy (Oxford, England) | [SJR:norm_title] Journal of Microscopy",SJR Q1 | SJR Q3,norm_title,0,,[SJR Q3] Journal of Microscopy,,Y
mining science technology,[SJR:norm_title] International Journal of Mining Science and Technology | [SJR:norm_title] Mining Science and Technology (Russian Federation) | [SJR:norm_title] Journal of Mining Science and Technology,SJR Q1 | SJR Q1 | SJR Q2,norm_title,0,,[SJR Q2] Journal of Mining Science and Technology,,Y
molecular biology,[SJR:norm_title] Journal of Molecular Biology | [SJR:norm_title] Molecular Biology,SJR Q1 | SJR Q3,norm_title,0,,[SJR Q3] Molecular Biology,,Y
morphology,[SJR:norm_title] Morphology | [SJR:norm_title] Journal of Morphology | [SJR:norm_title] International Journal of Morphology,SJR Q1 | SJR Q2 | SJR Q3,norm_title,0,,[SJR Q3] International Journal of Morphology,,Y
multidisciplinary social sciences,[SJR:norm_title] International and Multidisciplinary Journal of Social Sciences | [SJR:norm_title] Journal of Multidisciplinary in Social Sciences,SJR Q1 | SJR Q4,norm_title,0,,[SJR Q4] Journal of Multidisciplinary in Social Sciences,,Y
nano letters,[SJR:norm_title] Nano Letters | [SJR:norm_title] International Nano Letters,SJR Q1 | SJR Q2,norm_title,0,,[SJR Q2] International Nano Letters,,Y
nano research,[SJR:norm_title] Nano Research | [SJR:norm_title] Journal of Nano Research,SJR Q1 | SJR Q4,norm_title,0,,[SJR Q4] Journal of Nano Research,,Y
nanomaterials,[SJR:norm_title] Nanomaterials | [SJR:norm_title] Journal of Nanomaterials,SJR Q1 | SJR Q2,norm_title,0,,[SJR Q2] Journal of Nanomaterials,,Y
nanophotonics,[SJR:norm_title] Nanophotonics | [SJR:norm_title] Journal of Nanophotonics,SJR Q1 | SJR Q4,norm_title,0,,[SJR Q4] Journal of Nanophotonics,,Y
natural gas geoscience,[SJR:norm_title] Natural Gas Geoscience | [SJR:norm_title] Journal of Natural Gas Geoscience,SJR Q1 | SJR Q2,norm_title,0,,[SJR Q2] Journal of Natural Gas Geoscience,,Y
neonatology,[SJR:norm_title] Neonatology | [SJR:norm_title] Journal of Neonatology,SJR Q1 | SJR Q3,norm_title,0,,[SJR Q3] Neonatology,,Y
neuro oncology,[SJR:norm_title] Neuro-Oncology | [SJR:norm_title] Journal of Neuro-Oncology,SJR Q1 | SJR Q2,norm_title,0,,[SJR Q2] Journal of Neuro-Oncology,,Y
neurochemistry,[SJR:norm_title] Journal of Neurochemistry | [SJR:norm_title] Neurochemistry International,SJR Q1 | SJR Q2,norm_title,0,,[SJR Q2] Neurochemistry International,,Y
neurocritical care,[SJR:norm_title] Neurocritical Care | [SJR:norm_title] Journal of Neurocritical Care,SJR Q1 | SJR Q3,norm_title,0,,[SJR Q3] Journal of Neurocritical Care,,Y
neuroendocrinology,[SJR:norm_title] Journal of Neuroendocrinology | [SJR:norm_title] Neuroendocrinology,SJR Q1 | SJR Q2,norm_title,0,,[SJR Q2] Neuroendocrinology,,Y
neuroscience research,[SJR:norm_title] Journal of Neuroscience Research | [SJR:norm_title] Neuroscience Research,SJR Q2 | SJR Q1,norm_title,0,,[SJR Q1] Neuroscience Research,,Y
nonlinear science,[SJR:norm_title] Journal of Nonlinear Science | [SJR:norm_title] International Journal of Nonlinear Science,SJR Q1 | SJR Q4,norm_title,0,,[SJR Q4] International Journal of Nonlinear Science,,Y
nucleus,[SJR:norm_title] Nucleus | [SJR:norm_title] Nucleus (India),SJR Q1 | SJR Q3,norm_title,0,,[SJR Q3] Nucleus (India),,Y
number theory,[SJR:norm_title] Journal of Number Theory | [SJR:norm_title] International Journal of Number Theory,SJR Q1 | SJR Q2,norm_title,0,,[SJR Q2] International Journal of Number Theory,,Y
nutrition,[SJR:norm_title] Journal of Nutrition | [SJR:norm_title] Nutrition,SJR Q1 | SJR Q2,norm_title,0,,[SJR Q2] Nutrition,,Y
obstetrics gynecology,[SJR:norm_title] Obstetrics and Gynecology | [SJR:norm_title] Obstetrics and Gynecology International,SJR Q1 | SJR Q2,norm_title,0,,[SJR Q2] Obstetrics and Gynecology International,,Y
occupational environmental medicine,[SJR:norm_title] Occupational and Environmental Medicine | [SJR:norm_title] Journal of Occupational and Environmental Medicine,SJR Q1 | SJR Q2,norm_title,0,,[SJR Q2] Journal of Occupational and Environmental Medicine,,Y
oceanography,[SJR:norm_title] Oceanography | [SJR:norm_title] Journal of Oceanography,SJR Q1 | SJR Q2,norm_title,0,,[SJR Q2] Journal of Oceanography,,Y
oncology,[SJR:norm_title] International Journal of Oncology | [SJR:norm_title] Oncology (Switzerland) | [SJR:norm_title] Oncology (United States),SJR Q1 | SJR Q2 | SJR Q3,norm_title,0,,[SJR Q3] Oncology (United States),,Y
one health,[SJR:norm_title] One Health | [SJR:norm_title] International Journal of One Health,SJR Q1 | SJR Q2,norm_title,0,,[SJR Q2] International Journal of One Health,,Y
operational research,[SJR:norm_title] Operational Research | [SJR:norm_title] International Journal of Operational Research,SJR Q1 | SJR Q4,norm_title,0,,[SJR Q4] International Journal of Operational Research,,Y
ophthalmology,[SJR:norm_title] Ophthalmology | [SJR:norm_title] Journal of Ophthalmology | [SJR:norm_title] International Ophthalmology | [SJR:norm_title] International Journal of Ophthalmology,SJR Q1 | SJR Q2 | SJR Q2 | SJR Q2,norm_title,0,,[SJR Q2] International Journal of Ophthalmology,,Y
optimization,[SJR:norm_title] Optimization | [SJR:norm_title] Journal of Optimization,SJR Q1 | SJR Q2,norm_title,0,,[SJR Q2] Journal of Optimization,,Y
oral implantology,[SJR:norm_title] International Journal of Oral Implantology | [SJR:norm_title] Journal of Oral Implantology,SJR Q1 | SJR Q2,norm_title,0,,[SJR Q2] Journal of Oral Implantology,,Y
oral maxillofacial surgery,[SJR:norm_title] International Journal of Oral and Maxillofacial Surgery | [SJR:norm_title] Journal of Oral and Maxillofacial Surgery | [SJR:norm_title] Oral and Maxillofacial Surgery,SJR Q1 | SJR Q1 | SJR Q2,norm_title,0,,[SJR Q2] Oral and Maxillofacial Surgery,,Y
oral science,[SJR:norm_title] International Journal of Oral Science | [SJR:norm_title] Journal of Oral Science | [SJR:norm_title] Oral Science International,SJR Q1 | SJR Q2 | SJR Q3,norm_title,0,,[SJR Q3] Oral Science International,,Y
orthopaedic surgery,[SJR:norm_title] Orthopaedic Surgery | [SJR:norm_title] Journal of Orthopaedic Surgery,SJR Q1 | SJR Q2,norm_title,0,,[SJR Q2] Journal of Orthopaedic Surgery,,Y
osteopathic medicine,[SJR:norm_title] Journal of Osteopathic Medicine | [SJR:norm_title] International Journal of Osteopathic Medicine,SJR Q1 | SJR Q2,norm_title,0,,[SJR Q2] International Journal of Osteopathic Medicine,,Y
osteoporosis,[SJR:norm_title] Osteoporosis International | [SJR:norm_title] Journal of Osteoporosis,SJR Q1 | SJR Q3,norm_title,0,,[SJR Q3] Journal of Osteoporosis,,Y
palaeogeography,[SJR:norm_title] Journal of Palaeogeography | [SJR:norm_title] Journal of Palaeogeography (Chinese Edition),SJR Q1 | SJR Q2,norm_title,0,,[SJR Q2] Journal of Palaeogeography (Chinese Edition),,Y
pancreatology,[SJR:norm_title] Pancreatology | [SJR:norm_title] Journal of Pancreatology,SJR Q1 | SJR Q3,norm_title,0,,[SJR Q3] Journal of Pancreatology,,Y
parallel distributed computing,[CORE:norm_title] International Symposium on Parallel and Distributed Computing | [SJR:norm_title] Journal of Parallel and Distributed Computing,CORE C | SJR Q1,norm_title,0,,[CORE C] International Symposium on Parallel and Distributed Computing,,Y
parasitology,[SJR:norm_title] Parasitology | [SJR:norm_title] Parasitology International | [SJR:norm_title] Journal of Parasitology,SJR Q1 | SJR Q2 | SJR Q3,norm_title,0,,[SJR Q3] Journal of Parasitology,,Y
parasitology research,[SJR:norm_title] Parasitology Research | [SJR:norm_title] Journal of Parasitology Research,SJR Q1 | SJR Q3,norm_title,0,,[SJR Q3] Journal of Parasitology Research,,Y
parkinson s disease,[SJR:norm_title] Journal of Parkinson's Disease | [SJR:norm_title] Parkinson's Disease,SJR Q1 | SJR Q2,norm_title,0,,[SJR Q2] Parkinson's Disease,,Y
peacekeeping,[SJR:norm_title] International Peacekeeping | [SJR:norm_title] Journal of International Peacekeeping,SJR Q1 | SJR Q2,norm_title,0,,[SJR Q2] Journal of International Peacekeeping,,Y
pediatric research,[SJR:norm_title] Pediatric Research | [SJR:norm_title] Journal of Pediatric Research,SJR Q1 | SJR Q3,norm_title,0,,[SJR Q3] Journal of Pediatric Research,,Y
perfusion,[SJR:norm_title] Perfusion (United Kingdom) | [SJR:norm_title] Perfusion (Germany),SJR Q1 | SJR Q4,norm_title,0,,[SJR Q4] Perfusion (Germany),,Y
perinatology,[SJR:norm_title] Journal of Perinatology | [SJR:norm_title] Perinatology,SJR Q1 | SJR Q4,norm_title,0,,[SJR Q4] Perinatology,,Y
personnel psychology,[SJR:norm_title] Personnel Psychology | [SJR:norm_title] Journal of Personnel Psychology,SJR Q1 | SJR Q2,norm_title,0,,[SJR Q2] Journal of Personnel Psychology,,Y
petrology,[SJR:norm_title] Journal of Petrology | [SJR:norm_title] Petrology,SJR Q1 | SJR Q3,norm_title,0,,[SJR Q3] Petrology,,Y
pets,[CORE:acronym] Privacy Enhancing Technologies Symposium (was International Workshop of Privacy Enhancing Technologies) | [SJR:norm_title] Pets,CORE A | SJR Q2,acronym | norm_title,0,,[CORE A] Privacy Enhancing Technologies Symposium (was International Workshop of Privacy Enhancing Technologies),,Y
pharmacy practice,[SJR:norm_title] International Journal of Pharmacy Practice | [SJR:norm_title] Journal of Pharmacy Practice | [SJR:norm_title] Pharmacy Practice,SJR Q1 | SJR Q2 | SJR Q2,norm_title,0,,[SJR Q2] Pharmacy Practice,,Y
philosophia,[SJR:norm_title] Philosophia (United States) | [SJR:norm_title] Philosophia (Philippines),SJR Q1 | SJR Q2,norm_title,0,,[SJR Q2] Philosophia (Philippines),,Y
philosophical investigations,[SJR:norm_title] Philosophical Investigations | [SJR:norm_title] Journal of Philosophical Investigations,SJR Q1 | SJR Q2,norm_title,0,,[SJR Q2] Journal of Philosophical Investigations,,Y
philosophical quarterly,[SJR:norm_title] Philosophical Quarterly | [SJR:norm_title] International Philosophical Quarterly,SJR Q1 | SJR Q3,norm_title,0,,[SJR Q3] International Philosophical Quarterly,,Y
photochemistry photobiology,[SJR:norm_title] Photochemistry and Photobiology | [SJR:norm_title] Journal of Photochemistry and Photobiology,SJR Q1 | SJR Q3,norm_title,0,,[SJR Q3] Journal of Photochemistry and Photobiology,,Y
physical activity health,[SJR:norm_title] Journal of Physical Activity and Health | [SJR:norm_title] Physical Activity and Health,SJR Q1 | SJR Q2,norm_title,0,,[SJR Q2] Physical Activity and Health,,Y
physical oceanography,[SJR:norm_title] Journal of Physical Oceanography | [SJR:norm_title] Physical Oceanography,SJR Q1 | SJR Q3,norm_title,0,,[SJR Q3] Physical Oceanography,,Y
phytopathology,[SJR:norm_title] Phytopathology | [SJR:norm_title] Journal of Phytopathology | [SJR:norm_title] International Journal of Phytopathology,SJR Q1 | SJR Q3 | SJR Q3,norm_title,0,,[SJR Q3] International Journal of Phytopathology,,Y
plant biology,[SJR:norm_title] Plant Biology | [SJR:norm_title] Journal of Plant Biology | [SJR:norm_title] International Journal of Plant Biology,SJR Q1 | SJR Q2 | SJR Q2,norm_title,0,,[SJR Q2] International Journal of Plant Biology,,Y
plant ecology,[SJR:norm_title] Journal of Plant Ecology | [SJR:norm_title] Plant Ecology,SJR Q1 | SJR Q2,norm_title,0,,[SJR Q2] Plant Ecology,,Y
plant pathology,[SJR:norm_title] Plant Pathology | [SJR:norm_title] Journal of Plant Pathology,SJR Q1 | SJR Q2,norm_title,0,,[SJR Q2] Journal of Plant Pathology,,Y
policy studies,[SJR:norm_title] Policy Studies | [SJR:norm_title] Journal of Policy Studies,SJR Q1 | SJR Q2,norm_title,0,,[SJR Q2] Journal of Policy Studies,,Y
political economy,[SJR:norm_title] Journal of Political Economy | [SJR:norm_title] International Journal of Political Economy,SJR Q1 | SJR Q2,norm_title,0,,[SJR Q2] International Journal of Political Economy,,Y
political theory,[SJR:norm_title] Political Theory | [SJR:norm_title] Journal of International Political Theory,SJR Q1 | SJR Q2,norm_title,0,,[SJR Q2] Journal of International Political Theory,,Y
polymer,[SJR:norm_title] Polymer | [SJR:norm_title] Polymer International | [SJR:norm_title] Polymer (Korea),SJR Q1 | SJR Q2 | SJR Q4,norm_title,0,,[SJR Q4] Polymer (Korea),,Y
polymer science,[SJR:norm_title] Journal of Polymer Science | [SJR:norm_title] International Journal of Polymer Science,SJR Q1 | SJR Q2,norm_title,0,,[SJR Q2] International Journal of Polymer Science,,Y
population economics,[SJR:norm_title] Journal of Population Economics | [SJR:norm_title] Population and Economics,SJR Q1 | SJR Q3,norm_title,0,,[SJR Q3] Population and Economics,,Y
population studies,[SJR:norm_title] Population Studies | [SJR:norm_title] International Journal of Population Studies,SJR Q1 | SJR Q3,norm_title,0,,[SJR Q3] International Journal of Population Studies,,Y
preventive medicine,[SJR:norm_title] Preventive Medicine | [SJR:norm_title] International Journal of Preventive Medicine,SJR Q1 | SJR Q3,norm_title,0,,[SJR Q3] International Journal of Preventive Medicine,,Y
project management,[SJR:norm_title] International Journal of Project Management | [SJR:norm_title] Journal of Project Management (Canada),SJR Q1 | SJR Q3,norm_title,0,,[SJR Q3] Journal of Project Management (Canada),,Y
projections,[SJR:norm_title] Projections (New York) | [SJR:norm_title] Projections,SJR Q1 | SJR Q2,norm_title,0,,[SJR Q2] Projections,,Y
prosthodontics,[SJR:norm_title] Journal of Prosthodontics | [SJR:norm_title] International Journal of Prosthodontics,SJR Q1 | SJR Q2,norm_title,0,,[SJR Q2] International Journal of Prosthodontics,,Y
proteomics,[SJR:norm_title] Proteomics | [SJR:norm_title] Journal of Proteomics,SJR Q1 | SJR Q2,norm_title,0,,[SJR Q2] Journal of Proteomics,,Y
psychological science,[SJR:norm_title] Psychological Science | [SJR:norm_title] Journal of Psychological Science,SJR Q1 | SJR Q3,norm_title,0,,[SJR Q3] Journal of Psychological Science,,Y
psychology,[SJR:norm_title] Journal of Psychology | [SJR:norm_title] International Journal of Psychology | [SJR:norm_title] Psychology,SJR Q1 | SJR Q1 | SJR Q4,norm_title,0,,[SJR Q4] Psychology,,Y
psychopathology,[SJR:norm_title] Psychopathology | [SJR:norm_title] Journal of Psychopathology,SJR Q1 | SJR Q3,norm_title,0,,[SJR Q3] Journal of Psychopathology,,Y
public administration,[SJR:norm_title] Public Administration | [SJR:norm_title] International Journal of Public Administration,SJR Q1 | SJR Q2,norm_title,0,,[SJR Q2] International Journal of Public Administration,,Y
public policy,[SJR:norm_title] Journal of Public Policy | [SJR:norm_title] International Journal of Public Policy,SJR Q1 | SJR Q3,norm_title,0,,[SJR Q3] International Journal of Public Policy,,Y
quantitative economics,[SJR:norm_title] Quantitative Economics | [SJR:norm_title] Journal of Quantitative Economics,SJR Q1 | SJR Q3,norm_title,0,,[SJR Q3] Journal of Quantitative Economics,,Y
quaternary,[SJR:norm_title] Quaternary International | [SJR:norm_title] Quaternary,SJR Q2 | SJR Q1,norm_title,0,,[SJR Q1] Quaternary,,Y
radiation research,[SJR:norm_title] Journal of Radiation Research | [SJR:norm_title] Radiation Research | [SJR:norm_title] International Journal of Radiation Research,SJR Q1 | SJR Q1 | SJR Q4,norm_title,0,,[SJR Q4] International Journal of Radiation Research,,Y
reading writing,[SJR:norm_title] Reading and Writing | [SJR:norm_title] Reading and Writing (South Africa),SJR Q1 | SJR Q2,norm_title,0,,[SJR Q2] Reading and Writing (South Africa),,Y
refrigeration,[SJR:norm_title] International Journal of Refrigeration | [SJR:norm_title] Journal of Refrigeration,SJR Q1 | SJR Q4,norm_title,0,,[SJR Q4] Journal of Refrigeration,,Y
religion,[SJR:norm_title] Religion | [SJR:norm_title] Journal of Religion,SJR Q1 | SJR Q2,norm_title,0,,[SJR Q2] Journal of Religion,,Y
retos,[SJR:norm_title] Retos | [SJR:norm_title] Retos (Ecuador),SJR Q1 | SJR Q3,norm_title,0,,[SJR Q3] Retos (Ecuador),,Y
review economics,[SJR:norm_title] Annual Review of Economics | [SJR:norm_title] Review of International Economics | [SJR:norm_title] International Review of Economics | [SJR:norm_title] Review of Economics,SJR Q1 | SJR Q1 | SJR Q2 | SJR Q3,norm_title,0,,[SJR Q3] Review of Economics,,Y
review education,[SJR:norm_title] Review of Education | [SJR:norm_title] International Review of Education,SJR Q1 | SJR Q2,norm_title,0,,[SJR Q2] International Review of Education,,Y
review finance,[SJR:norm_title] Review of Finance | [SJR:norm_title] International Review of Finance,SJR Q1 | SJR Q2,norm_title,0,,[SJR Q2] International Review of Finance,,Y
review financial economics,[SJR:norm_title] Annual Review of Financial Economics | [SJR:norm_title] Review of Financial Economics,SJR Q1 | SJR Q3,norm_title,0,,[SJR Q3] Review of Financial Economics,,Y
review law economics,[SJR:norm_title] International Review of Law and Economics | [SJR:norm_title] Review of Law and Economics,SJR Q1 | SJR Q3,norm_title,0,,[SJR Q3] Review of Law and Economics,,Y
review sociology,[SJR:norm_title] Annual Review of Sociology | [SJR:norm_title] International Review of Sociology,SJR Q1 | SJR Q2,norm_title,0,,[SJR Q2] International Review of Sociology,,Y
revista espanola de cardiologia,[SJR:norm_title] Revista Espanola de Cardiologia (English edition) | [SJR:norm_title] Revista Espanola de Cardiologia,SJR Q1 | SJR Q2,norm_title,0,,[SJR Q2] Revista Espanola de Cardiologia,,Y
rheumatic diseases,[SJR:norm_title] Journal of Rheumatic Diseases | [SJR:norm_title] International Journal of Rheumatic Diseases,SJR Q1 | SJR Q3,norm_title,0,,[SJR Q3] International Journal of Rheumatic Diseases,,Y
rhinology,[SJR:norm_title] Rhinology | [SJR:norm_title] Journal of Rhinology,SJR Q1 | SJR Q3,norm_title,0,,[SJR Q3] Journal of Rhinology,,Y
robotics,[SJR:norm_title] Robotics | [SJR:norm_title] Journal of Robotics,SJR Q1 | SJR Q2,norm_title,0,,[SJR Q2] Journal of Robotics,,Y
russian linguistics,[SJR:norm_title] Russian Journal of Linguistics | [SJR:norm_title] Russian Linguistics,SJR Q1 | SJR Q2,norm_title,0,,[SJR Q2] Russian Linguistics,,Y
school health,[SJR:norm_title] Journal of School Health | [SJR:norm_title] International Journal of School Health,SJR Q1 | SJR Q4,norm_title,0,,[SJR Q4] International Journal of School Health,,Y
science communication,[SJR:norm_title] Science Communication | [SJR:norm_title] Journal of Science Communication,SJR Q1 | SJR Q2,norm_title,0,,[SJR Q2] Journal of Science Communication,,Y
science education,[SJR:norm_title] Science Education | [SJR:norm_title] Science and Education | [SJR:norm_title] International Journal of Science Education | [SJR:norm_title] Science Education International,SJR Q1 | SJR Q1 | SJR Q1 | SJR Q3,norm_title,0,,[SJR Q3] Science Education International,,Y
security,[CORE:norm_title] International Workshop on Security | [SJR:norm_title] International Security,CORE National: Japan | SJR Q1,norm_title,0,,[CORE National: Japan] International Workshop on Security,,Y
semantics,[CORE:acronym] Semantics - International Conference on Semantic Systems | [SJR:norm_title] Journal of Semantics,"CORE Regional: Austria, Germany, Netherlands | SJR Q1",acronym | norm_title,0,,"[CORE Regional: Austria, Germany, Netherlands] Semantics - International Conference on Semantic Systems",,Y
semiconductors,[SJR:norm_title] Journal of Semiconductors | [SJR:norm_title] Semiconductors,SJR Q1 | SJR Q4,norm_title,0,,[SJR Q4] Semiconductors,,Y
sexual health,[SJR:norm_title] International Journal of Sexual Health | [SJR:norm_title] Sexual Health,SJR Q1 | SJR Q2,norm_title,0,,[SJR Q2] Sexual Health,,Y
sexual medicine,[SJR:norm_title] Journal of Sexual Medicine | [SJR:norm_title] Sexual Medicine,SJR Q1 | SJR Q2,norm_title,0,,[SJR Q2] Sexual Medicine,,Y
slovo,[SJR:norm_title] Slovo (Croatia) | [SJR:norm_title] Slovo,SJR Q1 | SJR Q4,norm_title,0,,[SJR Q4] Slovo,,Y
social history,[SJR:norm_title] Journal of Social History | [SJR:norm_title] Social History,SJR Q1 | SJR Q2,norm_title,0,,[SJR Q2] Social History,,Y
social work,[SJR:norm_title] Journal of Social Work | [SJR:norm_title] International Social Work | [SJR:norm_title] Social Work,SJR Q1 | SJR Q1 | SJR Q2,norm_title,0,,[SJR Q2] Social Work,,Y
sociology,[SJR:norm_title] Sociology | [SJR:norm_title] Journal of Sociology | [SJR:norm_title] International Sociology | [SJR:norm_title] International Journal of Sociology,SJR Q1 | SJR Q1 | SJR Q2 | SJR Q2,norm_title,0,,[SJR Q2] International Journal of Sociology,,Y
sociology education,[SJR:norm_title] Sociology of Education | [SJR:norm_title] International Journal of Sociology of Education,SJR Q1 | SJR Q2,norm_title,0,,[SJR Q2] International Journal of Sociology of Education,,Y
soil science plant nutrition,[SJR:norm_title] Journal of Soil Science and Plant Nutrition | [SJR:norm_title] Soil Science and Plant Nutrition,SJR Q1 | SJR Q2,norm_title,0,,[SJR Q2] Soil Science and Plant Nutrition,,Y
sophia,[SJR:norm_title] Sophia | [SJR:norm_title] Sophia (Ecuador),SJR Q1 | SJR Q2,norm_title,0,,[SJR Q2] Sophia (Ecuador),,Y
space science technology,[SJR:norm_title] Space: Science and Technology (United States) | [SJR:norm_title] Space Science and Technology,SJR Q1 | SJR Q4,norm_title,0,,[SJR Q4] Space Science and Technology,,Y
special education,[SJR:norm_title] Journal of Special Education | [SJR:norm_title] International Journal of Special Education,SJR Q1 | SJR Q3,norm_title,0,,[SJR Q3] International Journal of Special Education,,Y
sport exercise psychology,[SJR:norm_title] International Journal of Sport and Exercise Psychology | [SJR:norm_title] Journal of Sport and Exercise Psychology,SJR Q1 | SJR Q2,norm_title,0,,[SJR Q2] Journal of Sport and Exercise Psychology,,Y
sport history,[SJR:norm_title] Sport in History | [SJR:norm_title] Journal of Sport History,SJR Q1 | SJR Q3,norm_title,0,,[SJR Q3] Journal of Sport History,,Y
sport society,[SJR:norm_title] Sport in Society | [SJR:norm_title] International Journal of Sport and Society,SJR Q1 | SJR Q3,norm_title,0,,[SJR Q3] International Journal of Sport and Society,,Y
stem cells,[SJR:norm_title] Stem Cells | [SJR:norm_title] Stem Cells International | [SJR:norm_title] International Journal of Stem Cells | [SJR:norm_title] Journal of Stem Cells,SJR Q1 | SJR Q2 | SJR Q2 | SJR Q4,norm_title,0,,[SJR Q4] Journal of Stem Cells,,Y
stem education,[SJR:norm_title] International Journal of STEM Education | [SJR:norm_title] STEM Education,SJR Q1 | SJR Q2,norm_title,0,,[SJR Q2] STEM Education,,Y
structural engineering,[SJR:norm_title] Journal of Structural Engineering | [SJR:norm_title] Structural Engineering International | [SJR:norm_title] International Journal of Structural Engineering | [SJR:norm_title] Journal of Structural Engineering (India),SJR Q1 | SJR Q2 | SJR Q4 | SJR Q4,norm_title,0,,[SJR Q4] Journal of Structural Engineering (India),,Y
surgical oncology,[SJR:norm_title] Surgical Oncology | [SJR:norm_title] Journal of Surgical Oncology | [SJR:norm_title] International Journal of Surgical Oncology,SJR Q1 | SJR Q1 | SJR Q2,norm_title,0,,[SJR Q2] International Journal of Surgical Oncology,,Y
sustainable development,[SJR:norm_title] Sustainable Development | [SJR:norm_title] International Journal of Sustainable Development,SJR Q1 | SJR Q4,norm_title,0,,[SJR Q4] International Journal of Sustainable Development,,Y
theological studies,[SJR:norm_title] Theological Studies | [SJR:norm_title] Journal of Theological Studies,SJR Q1 | SJR Q2,norm_title,0,,[SJR Q2] Journal of Theological Studies,,Y
theoria,[SJR:norm_title] Theoria (Sweden) | [SJR:norm_title] Theoria (Spain),SJR Q1 | SJR Q2,norm_title,0,,[SJR Q2] Theoria (Spain),,Y
theory,[SJR:norm_title] International Theory | [SJR:norm_title] Theory Workshop,SJR Q1 | SJR Q3,norm_title,0,,[SJR Q3] Theory Workshop,,Y
tissue engineering regenerative medicine,[SJR:norm_title] Tissue Engineering and Regenerative Medicine | [SJR:norm_title] Journal of Tissue Engineering and Regenerative Medicine,SJR Q1 | SJR Q2,norm_title,0,,[SJR Q2] Journal of Tissue Engineering and Regenerative Medicine,,Y
topoi,[SJR:norm_title] Topoi | [SJR:norm_title] Topoi (Brazil),SJR Q1 | SJR Q2,norm_title,0,,[SJR Q2] Topoi (Brazil),,Y
tourism research,[SJR:norm_title] International Journal of Tourism Research | [SJR:norm_title] Proceedings of the International Conference on Tourism Research,SJR Q1 | SJR -,norm_title,0,,[SJR -] Proceedings of the International Conference on Tourism Research,,Y
tourism review,[SJR:norm_title] Tourism Review | [SJR:norm_title] Tourism Review International,SJR Q1 | SJR Q3,norm_title,0,,[SJR Q3] Tourism Review International,,Y
toxicological sciences,[SJR:norm_title] Toxicological Sciences | [SJR:norm_title] Journal of Toxicological Sciences,SJR Q1 | SJR Q3,norm_title,0,,[SJR Q3] Journal of Toxicological Sciences,,Y
toxicology,[SJR:norm_title] Toxicology | [SJR:norm_title] Journal of Toxicology | [SJR:norm_title] International Journal of Toxicology | [SJR:norm_title] Toxicology International,SJR Q1 | SJR Q2 | SJR Q3 | SJR Q4,norm_title,0,,[SJR Q4] Toxicology International,,Y
transfer,[SJR:norm_title] Transfer | [SJR:norm_title] Transfer (Spain),SJR Q1 | SJR Q2,norm_title,0,,[SJR Q2] Transfer (Spain),,Y
translational medicine,[SJR:norm_title] Journal of Translational Medicine | [SJR:norm_title] International Journal of Translational Medicine,SJR Q1 | SJR Q3,norm_title,0,,[SJR Q3] International Journal of Translational Medicine,,Y
tribology,[SJR:norm_title] Tribology International | [SJR:norm_title] Journal of Tribology | [SJR:norm_title] Tribology,SJR Q1 | SJR Q2 | SJR Q3,norm_title,0,,[SJR Q3] Tribology,,Y
tropical medicine health,[SJR:norm_title] Tropical Medicine and International Health | [SJR:norm_title] Tropical Medicine and Health,SJR Q1 | SJR Q2,norm_title,0,,[SJR Q2] Tropical Medicine and Health,,Y
veterinary parasitology,[SJR:norm_title] Veterinary Parasitology | [SJR:norm_title] Journal of Veterinary Parasitology,SJR Q1 | SJR Q4,norm_title,0,,[SJR Q4] Journal of Veterinary Parasitology,,Y
veterinary research,[SJR:norm_title] Veterinary Research | [SJR:norm_title] Journal of Veterinary Research (Poland) | [SJR:norm_title] Journal of Veterinary Research,SJR Q1 | SJR Q2 | SJR Q4,norm_title,0,,[SJR Q4] Journal of Veterinary Research,,Y
virology,[SJR:norm_title] Journal of Virology | [SJR:norm_title] Virology,SJR Q1 | SJR Q2,norm_title,0,,[SJR Q2] Virology,,Y
water,[SJR:norm_title] Water (Switzerland) | [SJR:norm_title] Water International | [SJR:norm_title] International Journal of Water,SJR Q1 | SJR Q3 | SJR Q4,norm_title,0,,[SJR Q4] International Journal of Water,,Y
women s health,[SJR:norm_title] Women's Health | [SJR:norm_title] Journal of Women's Health | [SJR:norm_title] International Journal of Women's Health,SJR Q1 | SJR Q2 | SJR Q1,norm_title,0,,[SJR Q1] International Journal of Women's Health,,Y
zoology,[SJR:norm_title] Journal of Zoology | [SJR:norm_title] Zoology | [SJR:norm_title] International Journal of Zoology,SJR Q1 | SJR Q2 | SJR Q2,norm_title,0,,[SJR Q2] International Journal of Zoology,,Y
