venue,record_count
Lecture Notes in Computer Science,131
Journal of Clinical Medicine,34
Frontiers in Neurology,23
Brain Sciences,19
Journal of Sensors,18
NeuroRehabilitation,15
Computer Animation and Virtual Worlds,15
Human Movement Science,14
IEEE Transactions on Haptics,13
Frontiers in Robotics and AI,10
Trials,9
Neurology International,9
World Neurosurgery,6
Eating and Weight Disorders,6
International Journal of Computer Assisted Radiology and Surgery,6
International Journal of Industrial Ergonomics,6
Journal of Burn Care and Research,6
Quarterly Journal of Experimental Psychology,6
BioMed Research International,6
JMIR Formative Research,5
Neuropsychologia,5
Displays,5
Physiotherapy Theory and Practice,5
Frontiers in Neuroscience,5
Textile Research Journal,5
Cognitive Processing,5
Medical Science Monitor,5
Journal of Vestibular Research: Equilibrium and Orientation,5
BMC Neurology,5
Journal of Movement Disorders,5
Brazilian Journal of Otorhinolaryngology,5
Interacting with Computers,4
Computer,4
IEEE Transactions on Games,4
Healthcare,4
Behavioural Brain Research,4
Human-Computer Interaction,4
BMC Musculoskeletal Disorders,4
Journal of Clinical Neuroscience,4
Pilot and Feasibility Studies,4
Transactions on Machine Learning Research,4
Virtual Reality and Intelligent Hardware,4
Multisensory Research,3
Physica Medica,3
Acta Neurologica Belgica,3
BMC Anesthesiology,3
Urology,3
Physiotherapy Research International,3
Frontiers in Computer Science,3
Geriatric Nursing,3
Journal of Pain Research,3
JMIR XR and Spatial Computing,3
Frontiers in Physiology,3
Acta Neurochirurgica,3
Brain and Behavior,3
Developmental Neurorehabilitation,3
Advanced Robotics,2
BMC Cardiovascular Disorders,2
Journal of Dental Education,2
British Journal of Pain,2
International Journal of Intelligent Robotics and Applications,2
Turkish Journal of Physical Medicine and Rehabilitation,2
Skeletal Radiology,2
Pediatric Cardiology,2
Physiology and Behavior,2
Journal of Bodywork and Movement Therapies,2
Journal of Visualized Experiments,2
Journal of Aging and Physical Activity,2
Advances in Physiology Education,2
Journal of Lower Genital Tract Disease,2
Physical and Occupational Therapy in Pediatrics,2
Journal of Orthopaedic Research,2
JTCVS Techniques,2
Journal of Engineered Fibers and Fabrics,2
Journal of Poultry Science,2
Assistive Technology,2
Journal of Laryngology and Otology,2
Topics in Spinal Cord Injury Rehabilitation,2
Frontiers in Oncology,2
International Journal of Information and Education Technology,2
International Journal of Earth Sciences,2
JMIR Research Protocols,2
Physics in Medicine and Biology,2
"European Heart Journal, Supplement",2
International Journal on Interactive Design and Manufacturing,2
Surgical Innovation,2
Information (Switzerland),2
Vision Research,2
Dementia and Geriatric Cognitive Disorders,2
Journal of Healthcare Engineering,2
Journal of Palliative Medicine,2
European Journal of Integrative Medicine,2
Frontiers in Neurorobotics,2
Concurrency and Computation: Practice and Experience,2
Journal of Experimental Psychology: Applied,2
Clinical Neurology and Neurosurgery,2
Operative Neurosurgery,2
Journal of Nervous and Mental Disease,2
Heart International,2
International Journal of Rehabilitation Research,2
Shiyou Diqiu Wuli Kantan/Oil Geophysical Prospecting,2
Physical Review E,2
Terapevticheskii Arkhiv,2
Journal of Pharmacology and Experimental Therapeutics,2
ACM Transactions on Interactive Intelligent Systems,2
IEEE Power Electronics Magazine,1
Journal of Mobile Multimedia,1
Computing in Science and Engineering,1
"Proceedings of the International Conference on Multimedia Information Processing and Retrieval, MIPR",1
International Journal of Crowd Science,1
IEEE Transactions on Device and Materials Reliability,1
IEEE Transactions on Magnetics,1
CODAS,1
Measurement Science and Technology,1
Obesity Science and Practice,1
Journal of Cranio-Maxillofacial Surgery,1
Journal of Neuropsychology,1
Journal of Orthopaedics,1
Journal of Thoracic Disease,1
Journal of Hand Surgery Global Online,1
Journal of Computational and Nonlinear Dynamics,1
Journal of Civil Engineering Education,1
Journal of Interventional Cardiac Electrophysiology,1
International Journal of Metalcasting,1
Archives of Psychiatric Nursing,1
Brain Research,1
Photonics,1
Clinics and Practice,1
PEC Innovation,1
Journal of Clinical Psychology in Medical Settings,1
Postgraduate Medical Journal,1
Aging and Health Research,1
Journal of Diabetes and Metabolic Disorders,1
Fire Technology,1
Mechanics Based Design of Structures and Machines,1
Systems,1
Food and Environmental Virology,1
Journal of Public Health (Germany),1
Discover Applied Sciences,1
Journal of Behavioral and Cognitive Therapy,1
Psychogeriatrics,1
Current Oncology,1
Marine Mammal Science,1
Journal of Alzheimer's Disease Reports,1
Movement Disorders Clinical Practice,1
JMIR Cardio,1
Ergonomics,1
International Journal of Remote Sensing,1
Medical and Biological Engineering and Computing,1
Traffic Injury Prevention,1
International Journal of Hypertension,1
Global Advances in Integrative Medicine and Health,1
Journal of the Textile Institute,1
Physical and Engineering Sciences in Medicine,1
International Journal of Imaging Systems and Technology,1
Ophthalmic Plastic and Reconstructive Surgery,1
American Journal of Veterinary Research,1
Journal of Library and Information Services in Distance Learning,1
Symmetry,1
mHealth,1
Scientific Culture,1
Journal of Supercomputing,1
Journal of Marine Science and Engineering,1
Motor Control,1
Current Sexual Health Reports,1
European Journal of Obstetrics and Gynecology and Reproductive Biology,1
Journal of Manipulative and Physiological Therapeutics,1
RUDN Journal of Sociology,1
Proceedings of DRS,1
Audiology and Neurotology,1
International Journal of Semantic Computing,1
Occupational Therapy in Health Care,1
Paediatric Anaesthesia,1
Journal of Insect Science,1
Alfred Nobel University Journal of Philology,1
Ageing International,1
"European Journal of Mechanics, B/Fluids",1
Baltic Journal of Health and Physical Activity,1
Neurocase,1
Research in Gerontological Nursing,1
European Neurology,1
Journal of Ambient Intelligence and Humanized Computing,1
Symbolic Interaction,1
International Journal of Design in Society,1
Frontiers in Signal Processing,1
Materials,1
Color Research and Application,1
"Forensic Science, Medicine, and Pathology",1
Clinical Breast Cancer,1
Physiological Reports,1
Surgical and Radiologic Anatomy,1
Musculoskeletal Science and Practice,1
Journal of Integrative and Complementary Medicine,1
Frontiers in Heat and Mass Transfer,1
Physics Education,1
Orthopedics,1
Journal of Genetic Psychology,1
Critical Stages,1
Eksploatacja i Niezawodnosc,1
Ethics in Progress,1
Current Research in Behavioral Sciences,1
Journal of Sport Rehabilitation,1
Neural Processing Letters,1
European Journal of Neuroscience,1
Molecular Imaging and Biology,1
International Journal of Developmental Disabilities,1
Minerva Anestesiologica,1
Contemporary Clinical Trials Communications,1
Diagnostics,1
Farmacia,1
Journal of Pediatric Orthopaedics,1
Metrologia,1
Journal of Nutrition Education and Behavior,1
"Psychology, Journal of the Higher School of Economics",1
Radiation Physics and Chemistry,1
Multimodal Technologies and Interaction,1
Journal of Pediatric and Adolescent Gynecology,1
Planetary and Space Science,1
Journal of Neuropsychiatry and Clinical Neurosciences,1
Microprocessors and Microsystems,1
"European Journal of Investigation in Health, Psychology and Education",1
Indian Journal of Psychiatry,1
Journal of Obsessive-Compulsive and Related Disorders,1
Foot and Ankle Orthopaedics,1
Foot,1
Neuropsychiatric Disease and Treatment,1
Journal of Science in Sport and Exercise,1
Expert Systems,1
Evaluation and the Health Professions,1
Journal of the Indian Society of Remote Sensing,1
Science and Justice,1
Journal of Cellular and Molecular Medicine,1
Respiratory Care,1
Clinical Imaging,1
Industrial Robot,1
Journal of Child and Adolescent Mental Health,1
Advances in Rheumatology,1
Journal of Clinical Monitoring and Computing,1
Indian Journal of Ophthalmology,1
Clinical Epidemiology and Global Health,1
Journal of Chromatography A,1
"Psychology of Consciousness: Theory Research, and Practice",1
Chemical Physics,1
Trends in Psychology,1
Anaesthesiology Intensive Therapy,1
Central European Journal of Urology,1
Social Psychological Bulletin,1
Journal of Craniovertebral Junction and Spine,1
Otolaryngologic Clinics of North America,1
African Journal of Emergency Medicine,1
Human-centric Computing and Information Sciences,1
Journal of ICT Standardization,1
Journal of the Korean Society of Clothing and Textiles,1
International Journal of Educational Psychology,1
British Journal of Guidance and Counselling,1
Environmental Health and Preventive Medicine,1
Rehabilitation Psychology,1
Journal of the Formosan Medical Association,1
Environment,1
Xitong Gongcheng Lilun yu Shijian/System Engineering Theory and Practice,1
Techne: Research in Philosophy and Technology,1
Internet Archaeology,1
Pain Management,1
Journal of Eye Movement Research,1
"Proceedings of the Institution of Mechanical Engineers, Part B: Journal of Engineering Manufacture",1
International Journal of Disaster Resilience in the Built Environment,1
Biomedical Engineering Letters,1
Nutrition Research,1
CIN - Computers Informatics Nursing,1
Journal of Information Technology Education: Innovations in Practice,1
Urology Practice,1
Neurological Research,1
Journal of the Society for Information Display,1
Behavioral Neuroscience,1
Neurophysiologie Clinique,1
Fusion Engineering and Design,1
Fibers and Polymers,1
Asia Pacific Journal of Clinical Nutrition,1
Journal of Back and Musculoskeletal Rehabilitation,1
Revista Paulista de Pediatria,1
Journal of Plastic Surgery and Hand Surgery,1
Behavioral Medicine,1
Journal of Biosciences,1
Technoetic Arts,1
Pharmaceutical Sciences,1
"Applied Physiology, Nutrition and Metabolism",1
Journal of Occupational Health,1
Cognitive Neurodynamics,1
Virus Research,1
European Journal of Pediatric Surgery,1
"Proceedings of the Institution of Mechanical Engineers, Part H: Journal of Engineering in Medicine",1
Telemedicine and e-Health,1
Ecological Psychology,1
Personal and Ubiquitous Computing,1
Arquivos Brasileiros de Cardiologia,1
Spatial Cognition and Computation,1
Sistemi Intelligenti,1
GeoJournal,1
Lecture Notes in Business Information Processing,1
Canadian Respiratory Journal,1
Pediatric Surgery International,1
Signal Processing: Image Communication,1
Psychiatry Investigation,1
Journal of Biomedical Materials Research - Part B Applied Biomaterials,1
Sound and Vibration,1
Shanghai Jiaotong Daxue Xuebao/Journal of Shanghai Jiaotong University,1
Journal of Engineering Design,1
Child Neuropsychology,1
International Journal of Humanoid Robotics,1
Strahlentherapie und Onkologie,1
IET Control Theory and Applications,1
Folia Morphologica (Poland),1
Neuroradiology,1
Physiological Measurement,1
Journal of Sports Medicine and Physical Fitness,1
BMC Nutrition,1
Polish Journal of Veterinary Sciences,1
"Acta Paediatrica, International Journal of Paediatrics",1
Journal of Nephrology,1
Archives de Pediatrie,1
European Journal of Ophthalmology,1
Zootaxa,1
Physical Chemistry Chemical Physics,1
Journal of Neurophysiology,1
Clinical Obesity,1
Peritoneal Dialysis International,1
International Journal of Medical Robotics and Computer Assisted Surgery,1
Molecular Informatics,1
Prosthetics and Orthotics International,1
ACM Transactions on Asian and Low-Resource Language Information Processing,1
ACM Transactions on Design Automation of Electronic Systems,1
ACM Transactions on Modeling and Computer Simulation,1
