raw_venue,matched_entry,source,rank,match_stage,similarity,record_count,decision,priority,orig_string_sim,alt_candidate
Proceedings of the ACM on Human-Computer Interaction,Indian Conference on Human-Computer Interaction,CORE,National: India,fuzzy,0.889,82,EXCLUDED,P1,0.667,AIS Transactions on Human-Computer Interaction [SJR Q1] sim=0.93 (採用側)
Proceedings of the 36th Australasian Conference on Human-Computer Interaction,Indian Conference on Human-Computer Interaction,CORE,National: India,fuzzy,0.833,8,EXCLUDED,P1,0.742,AIS Transactions on Human-Computer Interaction [SJR Q1] sim=0.84 (採用側)
32nd Australian Conference on Human-Computer Interaction,Indian Conference on Human-Computer Interaction,CORE,National: India,fuzzy,0.857,7,EXCLUDED,P1,0.893,AIS Transactions on Human-Computer Interaction [SJR Q1] sim=0.87 (採用側)
2023 IEEE/CVF conference on computer vision and pattern recognition (CVPR),IEEE Conference on Computer Vision and Pattern Recognition,CORE,A*,acronym,1.000,5,INCLUDED,P1,0.879,IEEE Computer Society Conference on Computer Vision and Pattern Recognition Workshops [SJR -] sim=0.83 (除外側)
2025 IEEE/CVF international conference on computer vision (ICCV),IEEE International Conference on Computer Vision,CORE,A*,acronym,1.000,5,INCLUDED,P1,0.857,IET Computer Vision [SJR Q2] sim=0.84 (除外側)
2025 11th international conference on virtual reality (ICVR),International Conference on Virtual Rehabilitation,CORE,Unranked,acronym,1.000,5,EXCLUDED,P1,0.782,Virtual Reality [SJR Q1] sim=1.00 (採用側)
33rd Australian Conference on Human-Computer Interaction,Indian Conference on Human-Computer Interaction,CORE,National: India,fuzzy,0.857,5,EXCLUDED,P1,0.874,AIS Transactions on Human-Computer Interaction [SJR Q1] sim=0.87 (採用側)
Proceedings of the 31st Australian Conference on Human-Computer-Interaction,Indian Conference on Human-Computer Interaction,CORE,National: India,fuzzy,0.857,5,EXCLUDED,P1,0.738,AIS Transactions on Human-Computer Interaction [SJR Q1] sim=0.87 (採用側)
2025 IEEE/CVF conference on computer vision and pattern recognition (CVPR),IEEE Conference on Computer Vision and Pattern Recognition,CORE,A*,acronym,1.000,4,INCLUDED,P1,0.879,IEEE Computer Society Conference on Computer Vision and Pattern Recognition Workshops [SJR -] sim=0.83 (除外側)
2023 IEEE/CVF international conference on computer vision (ICCV),IEEE International Conference on Computer Vision,CORE,A*,acronym,1.000,4,INCLUDED,P1,0.857,IET Computer Vision [SJR Q2] sim=0.84 (除外側)
ACM Transactions on Human-Robot Interaction,ACM/IEEE International Conference on Human-Robot Interaction,CORE,A*,fuzzy,0.915,4,INCLUDED,P1,0.738,Proceedings of the ACM on Human-Computer Interaction [SJR Q2] sim=0.81 (除外側)
Proceedings of the 2020 4th International Conference on Digital Signal Processing,International Conference on Image and Signal Processing,CORE,C,fuzzy,0.833,4,EXCLUDED,P1,0.691,IEEE Transactions on Signal Processing [SJR Q1] sim=0.81 (採用側)
2024 IEEE/CVF conference on computer vision and pattern recognition (CVPR),IEEE Conference on Computer Vision and Pattern Recognition,CORE,A*,acronym,1.000,3,INCLUDED,P1,0.879,IEEE Computer Society Conference on Computer Vision and Pattern Recognition Workshops [SJR -] sim=0.83 (除外側)
Lecture Notes in Artificial Intelligence (Subseries of Lecture Notes in Computer Science),European Conference on Artificial Intelligence,CORE,A,fuzzy,0.841,3,INCLUDED,P1,0.459,International Conference on Agents and Artificial Intelligence [CORE B] sim=0.81 (除外側)
European Journal of Pain (United Kingdom),European SPI,CORE,B,fuzzy,0.880,3,EXCLUDED,P1,0.415,European Journal of Pain [SJR Q1] sim=1.00 (採用側)
PLoS Computational Biology,European Conference on Computational Biology,CORE,C,fuzzy,0.821,3,EXCLUDED,P1,0.686,PLOS Computational Biology [SJR Q1] sim=1.00 (採用側)
ACM Transactions on Sensor Networks,Body Sensor Networks,CORE,C,fuzzy,0.821,3,EXCLUDED,P1,0.618,ACM Transactions on Sensor Networks [SJR Q1] sim=1.00 (採用側)
Adjunct Proceedings of the 27th International Conference on Mobile Human-Computer Interaction,Nordic Conference on Human-Computer Interaction,CORE,Regional:Scandinavia,fuzzy,0.879,3,EXCLUDED,P1,0.643,AIS Transactions on Human-Computer Interaction [SJR Q1] sim=0.89 (採用側)
Proceedings of the 25th International Conference on Mobile Human-Computer Interaction,Nordic Conference on Human-Computer Interaction,CORE,Regional:Scandinavia,fuzzy,0.879,3,EXCLUDED,P1,0.667,AIS Transactions on Human-Computer Interaction [SJR Q1] sim=0.89 (採用側)
2021 IEEE/CVF international conference on computer vision (ICCV),IEEE International Conference on Computer Vision,CORE,A*,acronym,1.000,2,INCLUDED,P1,0.857,IET Computer Vision [SJR Q2] sim=0.84 (除外側)
2019 IEEE/CVF international conference on computer vision (ICCV),IEEE International Conference on Computer Vision,CORE,A*,acronym,1.000,2,INCLUDED,P1,0.857,IET Computer Vision [SJR Q2] sim=0.84 (除外側)
2022 IEEE/CVF conference on computer vision and pattern recognition (CVPR),IEEE Conference on Computer Vision and Pattern Recognition,CORE,A*,acronym,1.000,2,INCLUDED,P1,0.879,IEEE Computer Society Conference on Computer Vision and Pattern Recognition Workshops [SJR -] sim=0.83 (除外側)
MATEC Web of Conferences,International Semantic Web Conference,CORE,A,fuzzy,0.864,2,INCLUDED,P1,0.623,EPJ Web of Conferences [SJR -] sim=0.85 (除外側)
2018 IEEE intelligent vehicles symposium (IV),International Conference on Information Visualisation,CORE,C,acronym,1.000,2,EXCLUDED,P1,0.163,IEEE Transactions on Intelligent Vehicles [SJR Q1] sim=0.83 (採用側)
2022 8th international conference on virtual reality (ICVR),International Conference on Virtual Rehabilitation,CORE,Unranked,acronym,1.000,2,EXCLUDED,P1,0.789,Virtual Reality [SJR Q1] sim=1.00 (採用側)
Bioengineering,International Conference on Web Engineering,CORE,B,fuzzy,0.828,2,EXCLUDED,P1,0.456,APL Bioengineering [SJR Q1] sim=0.88 (採用側)
Proceedings of the XX International Conference on Human Computer Interaction,Indian Conference on Human-Computer Interaction,CORE,National: India,fuzzy,0.871,2,EXCLUDED,P1,0.699,AIS Transactions on Human-Computer Interaction [SJR Q1] sim=0.92 (採用側)
Proceedings of the 34th Australian Conference on Human-Computer Interaction,Indian Conference on Human-Computer Interaction,CORE,National: India,fuzzy,0.857,2,EXCLUDED,P1,0.754,AIS Transactions on Human-Computer Interaction [SJR Q1] sim=0.87 (採用側)
2024 43rd chinese control conference (CCC),IEEE Conference on Computational Complexity,CORE,A,acronym,1.000,1,INCLUDED,P1,0.400,"Chinese Control Conference, CCC [SJR -] sim=0.93 (除外側)"
2021 IEEE/CVF conference on computer vision and pattern recognition (CVPR),IEEE Conference on Computer Vision and Pattern Recognition,CORE,A*,acronym,1.000,1,INCLUDED,P1,0.879,IEEE Computer Society Conference on Computer Vision and Pattern Recognition Workshops [SJR -] sim=0.83 (除外側)
2023 IEEE/CVF international conference on computer vision workshops (ICCVW),IEEE International Conference on Computer Vision,CORE,A*,fuzzy,0.909,1,INCLUDED,P1,0.780,IET Computer Vision [SJR Q2] sim=0.84 (除外側)
Computer Communications,IEEE International Conference on Computer Communications,CORE,A*,fuzzy,0.902,1,INCLUDED,P1,0.582,IEEE Symposium on Computers and Communications [CORE C] sim=0.88 (除外側)
IEEE Transactions on Evolutionary Computation,Genetic and Evolutionary Computations,CORE,A,fuzzy,0.839,1,INCLUDED,P1,0.707,IEEE Congress on Evolutionary Computation [CORE B] sim=0.87 (除外側)
IJCAI International Joint Conference on Artificial Intelligence,International Joint Conference on Artificial Intelligence,CORE,A*,fuzzy,0.906,1,INCLUDED,P1,0.950,Australasian Joint Conference on Artificial Intelligence [CORE Australasian B] sim=0.83 (除外側)
Proceedings of the ACM on Software Engineering,International Conference on Software Engineering,CORE,A*,fuzzy,0.909,1,INCLUDED,P1,0.596,IEEE Software Engineering Workshop [CORE C] sim=0.86 (除外側)
Proceedings of the 2024 4th International Symposium on Big Data and Artificial Intelligence,International Joint Conference on Artificial Intelligence,CORE,A*,fuzzy,0.852,1,INCLUDED,P1,0.581,SGAI International Conference on Artificial Intelligence [CORE National: UK] sim=0.83 (除外側)
Proceedings of the 12th Innovations in Software Engineering Conference (formerly known as India Software Engineering Conference),Automated Software Engineering Conference,CORE,A*,fuzzy,0.833,1,INCLUDED,P1,0.414,Asia-Pacific Software Engineering Conference [CORE C] sim=0.80 (除外側)
16th Innovations in Software Engineering Conference,Automated Software Engineering Conference,CORE,A*,fuzzy,0.833,1,INCLUDED,P1,0.783,Asia-Pacific Software Engineering Conference [CORE C] sim=0.80 (除外側)
15th Innovations in Software Engineering Conference,Automated Software Engineering Conference,CORE,A*,fuzzy,0.833,1,INCLUDED,P1,0.783,Asia-Pacific Software Engineering Conference [CORE C] sim=0.80 (除外側)
Proceedings of the 1994 ACM conference on Computer supported cooperative work - CSCW '94,ACM Conference on Computer Supported Cooperative Work,CORE,A,fuzzy,0.907,1,INCLUDED,P1,0.752,International Conference on Computer Supported Cooperative Work in Design [CORE C] sim=0.83 (除外側)
Proceedings of the 46th International Symposium on Computer Architecture,ACM International Symposium on Computer Architecture,CORE,A*,fuzzy,0.913,1,INCLUDED,P1,0.806,Workshop on Computer Architecture Education [CORE National: USA] sim=0.81 (除外側)
Proceedings of the International Conference on Artificial Intelligence and its Applications,International Conference on Artificial Intelligence in Education,CORE,A,fuzzy,0.822,1,INCLUDED,P1,0.774,Artificial Intelligence Applications and Innovations [CORE National/Regional] sim=0.82 (除外側)
Proceedings of the 14th Innovations in Software Engineering Conference (formerly known as India Software Engineering Conference),Automated Software Engineering Conference,CORE,A*,fuzzy,0.833,1,INCLUDED,P1,0.414,Asia-Pacific Software Engineering Conference [CORE C] sim=0.80 (除外側)
Proceedings of the 52nd Annual International Symposium on Computer Architecture,ACM International Symposium on Computer Architecture,CORE,A*,fuzzy,0.913,1,INCLUDED,P1,0.763,Workshop on Computer Architecture Education [CORE National: USA] sim=0.81 (除外側)
Proceedings of the 2025 2nd International Conference on Artificial Intelligence and Future Education,International Conference on Artificial Intelligence in Education,CORE,A,fuzzy,0.904,1,INCLUDED,P1,0.768,International Conference on Artificial Intelligence in Medicine [CORE B] sim=0.81 (除外側)
"Proceedings of the 29th ACM International Conference on Architectural Support for Programming Languages and Operating Systems, Volume 1",Architectural Support for Programming Languages and Operating Systems,CORE,A*,fuzzy,0.909,1,INCLUDED,P1,0.676,International Conference on Architectural Support for Programming Languages and Operating Systems - ASPLOS [SJR -] sim=0.89 (除外側)
Proceedings of the 2019 3rd International Conference on Innovation in Artificial Intelligence,International Joint Conference on Artificial Intelligence,CORE,A*,fuzzy,0.857,1,INCLUDED,P1,0.680,SGAI International Conference on Artificial Intelligence [CORE National: UK] sim=0.81 (除外側)
"Proceedings of the 29th ACM International Conference on Architectural Support for Programming Languages and Operating Systems, Volume 2",Architectural Support for Programming Languages and Operating Systems,CORE,A*,fuzzy,0.909,1,INCLUDED,P1,0.676,International Conference on Architectural Support for Programming Languages and Operating Systems - ASPLOS [SJR -] sim=0.89 (除外側)
2025 IEEE/CVF international conference on computer vision workshops (ICCVW),IEEE International Conference on Computer Vision,CORE,A*,fuzzy,0.909,1,INCLUDED,P1,0.780,IET Computer Vision [SJR Q2] sim=0.84 (除外側)
2023 9th international conference on virtual reality (ICVR),International Conference on Virtual Rehabilitation,CORE,Unranked,acronym,1.000,1,EXCLUDED,P1,0.789,Virtual Reality [SJR Q1] sim=1.00 (採用側)
2021 2nd asia conference on computers and communications (ACCC),IEEE Symposium on Computers and Communications,CORE,C,fuzzy,0.897,1,EXCLUDED,P1,0.642,IEEE International Conference on Computer Communications [CORE A*] sim=0.88 (採用側)
2020 european conference on networks and communications (EuCNC),The International Conference on Future Networks and Communications,CORE,Unranked,fuzzy,0.871,1,EXCLUDED,P1,0.729,European Journal of Communication [SJR Q1] sim=0.81 (採用側)
2022 international conference on applied artificial intelligence and computing (ICAAIC),International Conference on Artificial Intelligence and Soft Computing,CORE,National: Poland,fuzzy,0.835,1,EXCLUDED,P1,0.828,Applied Artificial Intelligence [SJR Q1] sim=0.86 (採用側)
2024 10th international conference on virtual reality (ICVR),International Conference on Virtual Rehabilitation,CORE,Unranked,acronym,1.000,1,EXCLUDED,P1,0.782,Virtual Reality [SJR Q1] sim=1.00 (採用側)
2024 33rd international conference on computer communications and networks (ICCCN),International Conference on Computer Communication and Networks,CORE,B,acronym,1.000,1,EXCLUDED,P1,0.869,Computer Communications [SJR Q1] sim=0.84 (採用側)
IEEE Industrial Electronics Magazine,IEEE Industrial Electronics Society,CORE,C,fuzzy,0.845,1,EXCLUDED,P1,0.845,IEEE Industrial Electronics Magazine [SJR Q1] sim=1.00 (採用側)
2023 IEEE international conference on consumer electronics (ICCE),International Conference on Computers in Education,CORE,C,acronym,1.000,1,EXCLUDED,P1,0.678,IEEE Transactions on Consumer Electronics [SJR Q1] sim=1.00 (採用側)
2021 IEEE 7th international conference on virtual reality (ICVR),International Conference on Virtual Rehabilitation,CORE,Unranked,acronym,1.000,1,EXCLUDED,P1,0.754,Virtual Reality [SJR Q1] sim=0.86 (採用側)
2022 5th international conference on information and communications technology (ICOIACT),International Conference on the Quality of Information and Communications Technology,CORE,National/Regional,fuzzy,0.902,1,EXCLUDED,P1,0.802,Information and Communications Technology Law [SJR Q1] sim=0.95 (採用側)
2013 international conference on recent trends in information technology (ICRTIT),International Conference on Frontiers of Information Technology,CORE,National: Pakistan,fuzzy,0.824,1,EXCLUDED,P1,0.792,Ethics and Information Technology [SJR Q1] sim=0.81 (採用側)
2022 12th international conference on information technology in medicine and education (ITME),ACM Information Technology Education,CORE,National: USA,fuzzy,0.831,1,EXCLUDED,P1,0.543,Journal of Information Technology in Construction [SJR Q1] sim=0.82 (採用側)
IEEE Transactions on Very Large Scale Integration (VLSI) Systems,IEEE/IFIP International Conference on Very Large Scale Integration of System-on-Chip,CORE,C,fuzzy,0.879,1,EXCLUDED,P1,0.703,IEEE Transactions on Very Large Scale Integration (VLSI) Systems [SJR Q1] sim=1.00 (採用側)
2015 IEEE 19th international conference on computer supported cooperative work in design (CSCWD),International Conference on Computer Supported Cooperative Work in Design,CORE,C,acronym,1.000,1,EXCLUDED,P1,0.864,ACM Conference on Computer Supported Cooperative Work [CORE A] sim=0.84 (採用側)
2024 IEEE international conference on consumer electronics (ICCE),International Conference on Computers in Education,CORE,C,acronym,1.000,1,EXCLUDED,P1,0.678,IEEE Transactions on Consumer Electronics [SJR Q1] sim=1.00 (採用側)
2012 21st international conference on computer communications and networks (ICCCN),International Conference on Computer Communication and Networks,CORE,B,acronym,1.000,1,EXCLUDED,P1,0.869,Computer Communications [SJR Q1] sim=0.84 (採用側)
IEEE Geoscience and Remote Sensing Magazine,IEEE International Geoscience and Remote Sensing Symposium,CORE,C,fuzzy,0.835,1,EXCLUDED,P1,0.733,IEEE Geoscience and Remote Sensing Magazine [SJR Q1] sim=1.00 (採用側)
2023 5th international conference on computer communication and the internet (ICCCI),International Conference on Computational Collective Intelligence,CORE,B,acronym,1.000,1,EXCLUDED,P1,0.658,Computer Communication Review [SJR Q1] sim=0.83 (採用側)
Neural Computing and Applications,International Workshop on Soft Computing Applications,CORE,National: Romania,fuzzy,0.821,1,EXCLUDED,P1,0.651,Neural Computing and Applications [SJR Q1] sim=1.00 (採用側)
Security and Communication Networks,International Conference on Security of Information and Networks,CORE,C,fuzzy,0.833,1,EXCLUDED,P1,0.525,Journal of Communications and Networks [SJR Q1] sim=0.81 (採用側)
World Journal of Engineering,International Conference on Cloud Engineering,CORE,B,fuzzy,0.824,1,EXCLUDED,P1,0.521,Journal of Road Engineering [SJR Q1] sim=0.85 (採用側)
Journal of Information Technology Education: Research,ACM Information Technology Education,CORE,National: USA,fuzzy,0.831,1,EXCLUDED,P1,0.764,Journal of Information Technology Education: Research [SJR Q1] sim=1.00 (採用側)
"Proceedings of the 10th International Conference on Language Resources and Evaluation, LREC 2016",Language Resources and Evaluation Conference,CORE,B,fuzzy,0.892,1,EXCLUDED,P1,0.529,Language Resources and Evaluation [SJR Q1] sim=0.92 (採用側)
IEEE Transactions on Parallel and Distributed Systems,International Conference on Parallel and Distributed Systems,CORE,B,fuzzy,0.918,1,EXCLUDED,P1,0.779,IEEE Transactions on Parallel and Distributed Systems [SJR Q1] sim=1.00 (採用側)
Journal of oral rehabilitation,International Conference on Virtual Rehabilitation,CORE,Unranked,fuzzy,0.878,1,EXCLUDED,P1,0.675,Journal of Oral Rehabilitation [SJR Q1] sim=1.00 (採用側)
Proceedings of the 2020 The 2nd World Symposium on Software Engineering,IEEE Software Engineering Workshop,CORE,C,fuzzy,0.824,1,EXCLUDED,P1,0.457,International Conference on Software Engineering [CORE A*] sim=0.87 (採用側)
Proceedings of the 20th Annual SIG Conference on Information Technology Education,ACM Information Technology Education,CORE,National: USA,fuzzy,0.917,1,EXCLUDED,P1,0.581,Journal of Information Technology Education: Research [SJR Q1] sim=0.83 (採用側)
Proceedings of the 2nd International Conference on Digital Signal Processing,International Conference on Image and Signal Processing,CORE,C,fuzzy,0.833,1,EXCLUDED,P1,0.718,IEEE Transactions on Signal Processing [SJR Q1] sim=0.81 (採用側)
Proceedings of the 2019 8th International Conference on Software and Computer Applications,International Workshop on Soft Computing Applications,CORE,National: Romania,fuzzy,0.842,1,EXCLUDED,P1,0.615,Journal of Network and Computer Applications [SJR Q1] sim=0.85 (採用側)
Proceedings of the XV International Conference on Human Computer Interaction,Indian Conference on Human-Computer Interaction,CORE,National: India,fuzzy,0.871,1,EXCLUDED,P1,0.699,AIS Transactions on Human-Computer Interaction [SJR Q1] sim=0.92 (採用側)
Proceedings of the 5th International Conference on Multimedia and Image Processing,International Workshop on Multimedia Signal Processing,CORE,C,fuzzy,0.873,1,EXCLUDED,P1,0.632,Journal of Real-Time Image Processing [SJR Q1] sim=0.83 (採用側)
XXII International Conference on Human Computer Interaction,Indian Conference on Human-Computer Interaction,CORE,National: India,fuzzy,0.906,1,EXCLUDED,P1,0.811,AIS Transactions on Human-Computer Interaction [SJR Q1] sim=0.92 (採用側)
Proceedings of the 4th International Conference on Biomedical and Intelligent Systems,International Conference on Hybrid Intelligent Systems,CORE,C,fuzzy,0.821,1,EXCLUDED,P1,0.734,Complex and Intelligent Systems [SJR Q1] sim=0.81 (採用側)
Proceedings of the 2023 7th International Conference on Digital Signal Processing,International Conference on Image and Signal Processing,CORE,C,fuzzy,0.833,1,EXCLUDED,P1,0.691,IEEE Transactions on Signal Processing [SJR Q1] sim=0.81 (採用側)
Proceedings of the 23rd International Conference on Mobile Human-Computer Interaction,Nordic Conference on Human-Computer Interaction,CORE,Regional:Scandinavia,fuzzy,0.879,1,EXCLUDED,P1,0.667,AIS Transactions on Human-Computer Interaction [SJR Q1] sim=0.89 (採用側)
Proceedings of the XIX International Conference on Human Computer Interaction,Indian Conference on Human-Computer Interaction,CORE,National: India,fuzzy,0.889,1,EXCLUDED,P1,0.694,AIS Transactions on Human-Computer Interaction [SJR Q1] sim=0.93 (採用側)
Proceedings of the 37th Australian Conference on Human-Computer Interaction,Indian Conference on Human-Computer Interaction,CORE,National: India,fuzzy,0.857,1,EXCLUDED,P1,0.754,AIS Transactions on Human-Computer Interaction [SJR Q1] sim=0.87 (採用側)
2021 10th International Conference on Software and Computer Applications,International Workshop on Soft Computing Applications,CORE,National: Romania,fuzzy,0.842,1,EXCLUDED,P1,0.704,Journal of Network and Computer Applications [SJR Q1] sim=0.85 (採用側)
Proceedings of the 2023 9th International Conference on Robotics and Artificial Intelligence,International FLINS Conference on Robotics and Artificial Intelligence (was International Fuzzy Logic and Intelligent technologies in Nuclear Science Conference),CORE,C,fuzzy,0.914,1,EXCLUDED,P1,0.506,International Joint Conference on Artificial Intelligence [CORE A*] sim=0.85 (採用側)
Proceedings of the 31st ACM SIGKDD Conference on Knowledge Discovery and Data Mining V.2,Pacific-Asia Conference on Knowledge Discovery and Data Mining,CORE,B,fuzzy,0.822,1,EXCLUDED,P1,0.733,ACM International Conference on Knowledge Discovery and Data Mining [CORE A*] sim=0.86 (採用側)
Proceedings of the 7th Mexican Conference on Human-Computer Interaction,Indian Conference on Human-Computer Interaction,CORE,National: India,fuzzy,0.896,1,EXCLUDED,P1,0.763,AIS Transactions on Human-Computer Interaction [SJR Q1] sim=0.88 (採用側)
2026 IEEE international conference on consumer electronics (ICCE),International Conference on Computers in Education,CORE,C,acronym,1.000,1,EXCLUDED,P1,0.678,IEEE Transactions on Consumer Electronics [SJR Q1] sim=1.00 (採用側)
Presence,Annual International Workshop on Presence,CORE,C,exact_norm,1.000,29,EXCLUDED,P2,0.327,
2017 IEEE virtual reality (VR),IEEE Conference on Virtual Reality and 3D User Interfaces,CORE,A*,acronym,1.000,8,INCLUDED,P2,0.506,
2015 IEEE virtual reality (VR),IEEE Conference on Virtual Reality and 3D User Interfaces,CORE,A*,acronym,1.000,7,INCLUDED,P2,0.506,
Visual Computer,International Symposium on Visual Computing,CORE,National: USA,fuzzy,0.839,5,EXCLUDED,P2,0.448,
Proceedings of the 18th ACM International Conference on Multimodal Interaction,International Conference on Multimodal Interaction (was International Conference on Multimodal Interfaces),CORE,B,fuzzy,0.917,5,EXCLUDED,P2,0.543,
2016 IEEE virtual reality (VR),IEEE Conference on Virtual Reality and 3D User Interfaces,CORE,A*,acronym,1.000,4,INCLUDED,P2,0.506,
Companion Proceedings of the 2020 Conference on Interactive Surfaces and Spaces,ACM International Conference on Interactive Surfaces and Spaces (was International Workshop on Horizontal Interactive Human-Computer Systems: Tabletop),CORE,Journal Published,fuzzy,0.882,4,EXCLUDED,P2,0.452,
2014 IEEE virtual reality (VR),IEEE Conference on Virtual Reality and 3D User Interfaces,CORE,A*,acronym,1.000,3,INCLUDED,P2,0.506,
2013 IEEE virtual reality (VR),IEEE Conference on Virtual Reality and 3D User Interfaces,CORE,A*,acronym,1.000,2,INCLUDED,P2,0.506,
ISS 2023 - Proceedings of the 2023 Conference on Interactive Surfaces and Spaces,ACM International Conference on Interactive Surfaces and Spaces (was International Workshop on Horizontal Interactive Human-Computer Systems: Tabletop),CORE,Journal Published,fuzzy,0.903,2,EXCLUDED,P2,0.433,
Companion Proceedings of the 2024 Conference on Interactive Surfaces and Spaces,ACM International Conference on Interactive Surfaces and Spaces (was International Workshop on Horizontal Interactive Human-Computer Systems: Tabletop),CORE,Journal Published,fuzzy,0.882,2,EXCLUDED,P2,0.452,
Companion Proceedings of the 2023 Conference on Interactive Surfaces and Spaces,ACM International Conference on Interactive Surfaces and Spaces (was International Workshop on Horizontal Interactive Human-Computer Systems: Tabletop),CORE,Journal Published,fuzzy,0.882,2,EXCLUDED,P2,0.452,
MM 2020 - Proceedings of the 28th ACM International Conference on Multimedia,ACM Multimedia,CORE,A*,fuzzy,0.903,1,INCLUDED,P2,0.311,
Proceedings of the 7th Conference on Computing Education Practice,International Computing Education Research Workshop,CORE,A,fuzzy,0.821,1,INCLUDED,P2,0.500,
2019 international conference on graphics and interaction (ICGI),Graphics Interface,CORE,B,fuzzy,0.842,1,EXCLUDED,P2,0.390,
2024 IEEE conference on games (CoG),Conference on Games (was Computational Intelligence and Games CIG),CORE,C,acronym,1.000,1,EXCLUDED,P2,0.495,
2022 IEEE conference on games (CoG),Conference on Games (was Computational Intelligence and Games CIG),CORE,C,acronym,1.000,1,EXCLUDED,P2,0.495,
2023 38th international conference on image and vision computing new zealand (IVCNZ),Image and Vision Computing Conference,CORE,Australasian C,acronym,1.000,1,EXCLUDED,P2,0.529,
2020 international electronics symposium (IES),Asia Pacific Symposium on Intelligent and Evolutionary Systems (was Australia-Japan Joint Workshop on  Intelligent and Evolutionary Systems),CORE,C,acronym,1.000,1,EXCLUDED,P2,0.215,
2016 IEEE 13th international conference on wearable and implantable body sensor networks (BSN),Body Sensor Networks,CORE,C,acronym,1.000,1,EXCLUDED,P2,0.351,
2022 international conference on graphics and interaction (ICGI),Graphics Interface,CORE,B,fuzzy,0.842,1,EXCLUDED,P2,0.390,
2017 10th international conference on human system interactions (HSI),Human System Interaction,CORE,C,acronym,1.000,1,EXCLUDED,P2,0.516,
2014 7th international conference on human system interactions (HSI),Human System Interaction,CORE,C,acronym,1.000,1,EXCLUDED,P2,0.522,
2025 IEEE conference on games (CoG),Conference on Games (was Computational Intelligence and Games CIG),CORE,C,acronym,1.000,1,EXCLUDED,P2,0.495,
"2023 asia-pacific conference on image processing, electronics and computers (IPEC)",International Symposium on Parameterized and Exact Computation (was IWPEC pre 2004),CORE,B,acronym,1.000,1,EXCLUDED,P2,0.327,
Proceedings of the 8th ACM conference on Creativity and cognition,Creativity and Cognition,CORE,B,fuzzy,0.909,1,EXCLUDED,P2,0.539,
2021 International Conference on Human-Machine Interaction,Human-Agent Interaction,CORE,B,fuzzy,0.833,1,EXCLUDED,P2,0.494,
Proceedings of the 19th ACM International Conference on Multimodal Interaction,International Conference on Multimodal Interaction (was International Conference on Multimodal Interfaces),CORE,B,fuzzy,0.917,1,EXCLUDED,P2,0.543,
2025 international conference on graphics and interaction (ICGI),Graphics Interface,CORE,B,fuzzy,0.842,1,EXCLUDED,P2,0.390,
Proceedings of the ACM symposium on Virtual reality software and technology - VRST '00,ACM Virtual Reality Software and Technology,CORE,B,fuzzy,0.907,27,EXCLUDED,P3,0.667,
Proceedings of the ACM Symposium on Virtual Reality Software and Technology - VRST '96,ACM Virtual Reality Software and Technology,CORE,B,fuzzy,0.907,25,EXCLUDED,P3,0.667,
Proceedings of the ACM symposium on Virtual reality software and technology - VRST '02,ACM Virtual Reality Software and Technology,CORE,B,fuzzy,0.907,25,EXCLUDED,P3,0.667,
Proceedings of the ACM symposium on Virtual reality software and technology - VRST '01,ACM Virtual Reality Software and Technology,CORE,B,fuzzy,0.907,23,EXCLUDED,P3,0.667,
ACM Transactions on Computer-Human Interaction,International Conference on Advances in Computer-Human Interactions,CORE,C,fuzzy,0.879,15,EXCLUDED,P3,0.619,
IEEE Computer Graphics and Applications,Pacific Conference on Computer Graphics and Applications,CORE,Journal Published,fuzzy,0.877,12,EXCLUDED,P3,0.821,
2024 IEEE international symposium on mixed and augmented reality (ISMAR),IEEE/ACM International Symposium on Mixed and Augmented Reality,CORE,A*,acronym,1.000,11,INCLUDED,P3,0.874,
2025 IEEE international symposium on mixed and augmented reality (ISMAR),IEEE/ACM International Symposium on Mixed and Augmented Reality,CORE,A*,acronym,1.000,10,INCLUDED,P3,0.874,
2025 IEEE international symposium on mixed and augmented reality adjunct (ISMAR-adjunct),IEEE/ACM International Symposium on Mixed and Augmented Reality,CORE,A*,acronym,1.000,9,INCLUDED,P3,0.781,
2023 IEEE conference virtual reality and 3D user interfaces (VR),IEEE Conference on Virtual Reality and 3D User Interfaces,CORE,A*,acronym,1.000,9,INCLUDED,P3,0.893,
Companion Proceedings of the 2024 Annual Symposium on Computer-Human Interaction in Play,CHI PLAY: The Annual Symposium on Computer-Human Interaction in Play,CORE,Journal Published,fuzzy,0.864,9,EXCLUDED,P3,0.808,
Presence: Teleoperators and Virtual Environments,Presence: Teleoperators and Virtual Environments,SJR,Q3,exact_norm,1.000,8,EXCLUDED,P3,1.000,
2023 IEEE international symposium on mixed and augmented reality (ISMAR),IEEE/ACM International Symposium on Mixed and Augmented Reality,CORE,A*,acronym,1.000,7,INCLUDED,P3,0.874,
"Smart Innovation, Systems and Technologies",World Conference on Information Systems and Technologies,CORE,C,fuzzy,0.827,7,EXCLUDED,P3,0.714,
2020 IEEE international symposium on mixed and augmented reality (ISMAR),IEEE/ACM International Symposium on Mixed and Augmented Reality,CORE,A*,acronym,1.000,6,INCLUDED,P3,0.874,
2023 IEEE international symposium on mixed and augmented reality adjunct (ISMAR-adjunct),IEEE/ACM International Symposium on Mixed and Augmented Reality,CORE,A*,acronym,1.000,6,INCLUDED,P3,0.781,
2022 IEEE international symposium on mixed and augmented reality (ISMAR),IEEE/ACM International Symposium on Mixed and Augmented Reality,CORE,A*,acronym,1.000,6,INCLUDED,P3,0.874,
2025 IEEE conference virtual reality and 3D user interfaces (VR),IEEE Conference on Virtual Reality and 3D User Interfaces,CORE,A*,acronym,1.000,5,INCLUDED,P3,0.893,
2024 IEEE conference virtual reality and 3D user interfaces (VR),IEEE Conference on Virtual Reality and 3D User Interfaces,CORE,A*,acronym,1.000,5,INCLUDED,P3,0.893,
2024 IEEE international symposium on mixed and augmented reality adjunct (ISMAR-adjunct),IEEE/ACM International Symposium on Mixed and Augmented Reality,CORE,A*,acronym,1.000,5,INCLUDED,P3,0.781,
"Proceedings of the Twelfth International Conference on Tangible, Embedded, and Embodied Interaction","Tangible, Embedded, and Embodied Interaction",CORE,B,fuzzy,0.905,5,EXCLUDED,P3,0.615,
Proceedings of the 11th International Conference on Automotive User Interfaces and Interactive Vehicular Applications: Adjunct Proceedings,International ACM Conference on Automotive User Interfaces and Interactive Vehicular Applications,CORE,B,fuzzy,0.884,5,EXCLUDED,P3,0.791,
2021 IEEE international symposium on mixed and augmented reality adjunct (ISMAR-adjunct),IEEE/ACM International Symposium on Mixed and Augmented Reality,CORE,A*,acronym,1.000,4,INCLUDED,P3,0.781,
2019 IEEE international symposium on mixed and augmented reality (ISMAR),IEEE/ACM International Symposium on Mixed and Augmented Reality,CORE,A*,acronym,1.000,4,INCLUDED,P3,0.874,
2022 IEEE international symposium on mixed and augmented reality adjunct (ISMAR-adjunct),IEEE/ACM International Symposium on Mixed and Augmented Reality,CORE,A*,acronym,1.000,4,INCLUDED,P3,0.781,
2010 IEEE virtual reality conference (VR),IEEE Conference on Virtual Reality and 3D User Interfaces,CORE,A*,acronym,1.000,3,INCLUDED,P3,0.551,
2021 IEEE international symposium on mixed and augmented reality (ISMAR),IEEE/ACM International Symposium on Mixed and Augmented Reality,CORE,A*,acronym,1.000,3,INCLUDED,P3,0.874,
Proceedings of the 23rd annual conference on Computer graphics and interactive techniques,ACM SIG International Conference on Computer Graphics and Interactive Techniques,CORE,A*,fuzzy,0.909,3,INCLUDED,P3,0.781,
Proceedings of the 20th annual conference on Computer graphics and interactive techniques,ACM SIG International Conference on Computer Graphics and Interactive Techniques,CORE,A*,fuzzy,0.909,3,INCLUDED,P3,0.781,
"International Conference on Artificial Reality and Telexistence and Eurographics Symposium on Virtual Environments, ICAT-EGVE 2014",International Conference on Artificial Reality and Telexistance & Eurographics Symposium on Virtual Environments,CORE,C,fuzzy,0.914,3,EXCLUDED,P3,0.909,
ICAT-EGVE 2018 - 28th International Conference on Artificial Reality and Telexistence and 23rd Eurographics Symposium on Virtual Environments,International Conference on Artificial Reality and Telexistance & Eurographics Symposium on Virtual Environments,CORE,C,fuzzy,0.914,3,EXCLUDED,P3,0.870,
Proceedings of the 30th Australian Conference on Computer-Human Interaction,International Conference on Advances in Computer-Human Interactions,CORE,C,fuzzy,0.822,3,EXCLUDED,P3,0.648,
2018 IEEE international symposium on mixed and augmented reality adjunct (ISMAR-adjunct),IEEE/ACM International Symposium on Mixed and Augmented Reality,CORE,A*,acronym,1.000,2,INCLUDED,P3,0.781,
2019 IEEE international symposium on mixed and augmented reality adjunct (ISMAR-adjunct),IEEE/ACM International Symposium on Mixed and Augmented Reality,CORE,A*,acronym,1.000,2,INCLUDED,P3,0.781,
IEEE virtual reality conference (VR 2006),IEEE Conference on Virtual Reality and 3D User Interfaces,CORE,A*,acronym,1.000,2,INCLUDED,P3,0.551,
2024 IEEE/CVF winter conference on applications of computer vision (WACV),IEEE Workshop on Applications of Computer Vision,CORE,A,acronym,1.000,2,INCLUDED,P3,0.711,
2017 IEEE international symposium on mixed and augmented reality (ISMAR-adjunct),IEEE/ACM International Symposium on Mixed and Augmented Reality,CORE,A*,acronym,1.000,2,INCLUDED,P3,0.825,
2020 IEEE international symposium on mixed and augmented reality adjunct (ISMAR-adjunct),IEEE/ACM International Symposium on Mixed and Augmented Reality,CORE,A*,acronym,1.000,2,INCLUDED,P3,0.781,
CAD Computer Aided Design,IEEE/ACM International Conference on Computer-Aided Design,CORE,A,fuzzy,0.836,2,INCLUDED,P3,0.554,
Proceedings of the 2024 on ACM SIGSAC Conference on Computer and Communications Security,ACM Conference on Computer and Communications Security,CORE,A*,fuzzy,0.911,2,INCLUDED,P3,0.761,
Proceedings of the 2025 ACM SIGSAC Conference on Computer and Communications Security,ACM Conference on Computer and Communications Security,CORE,A*,fuzzy,0.911,2,INCLUDED,P3,0.777,
IEEE Transactions on Automation Science and Engineering,IEEE International Conference on Data Science and Engineering,CORE,National:India,fuzzy,0.844,2,EXCLUDED,P3,0.638,
"2024 IEEE 48th annual computers, software, and applications conference (COMPSAC)",International Computer Software and Applications Conference,CORE,B,acronym,1.000,2,EXCLUDED,P3,0.748,
Eye Tracking Research and Applications Symposium (ETRA),Eye Tracking Research and Applications,CORE,B,acronym,1.000,2,EXCLUDED,P3,0.817,
Computational Intelligence and Neuroscience,International Conference on Computational Intelligence and Security,CORE,National: China,fuzzy,0.838,2,EXCLUDED,P3,0.636,
"Proceedings of the ACM Symposium on Applied Perception, SAP 2014",ACM Symposium on Applied Perception,CORE,B,fuzzy,0.917,2,EXCLUDED,P3,0.707,
Companion Proceedings of the Annual Symposium on Computer-Human Interaction in Play,CHI PLAY: The Annual Symposium on Computer-Human Interaction in Play,CORE,Journal Published,fuzzy,0.864,2,EXCLUDED,P3,0.834,
Proceedings of the 28th Australian Conference on Computer-Human Interaction - OzCHI '16,Australian Computer Human Interaction Conference,CORE,Australasian B,fuzzy,0.851,2,EXCLUDED,P3,0.578,
Proceedings of the 2016 ACM International Symposium on Wearable Computers,IEEE International Symposium on Wearable Computers,CORE,Journal Published,fuzzy,0.844,2,EXCLUDED,P3,0.797,
Proceedings of the 2018 ACM International Symposium on Wearable Computers,IEEE International Symposium on Wearable Computers,CORE,Journal Published,fuzzy,0.844,2,EXCLUDED,P3,0.797,
2012 IEEE international symposium on mixed and augmented reality (ISMAR),IEEE/ACM International Symposium on Mixed and Augmented Reality,CORE,A*,acronym,1.000,1,INCLUDED,P3,0.874,
2021 58th ACM/IEEE design automation conference (DAC),Design Automation Conf,CORE,A*,acronym,1.000,1,INCLUDED,P3,0.587,
Third IEEE and ACM international symposium on mixed and augmented reality,IEEE/ACM International Symposium on Mixed and Augmented Reality,CORE,A*,fuzzy,0.914,1,INCLUDED,P3,0.912,
2014 IEEE international symposium on mixed and augmented reality (ISMAR),IEEE/ACM International Symposium on Mixed and Augmented Reality,CORE,A*,acronym,1.000,1,INCLUDED,P3,0.874,
2013 IEEE international symposium on mixed and augmented reality (ISMAR),IEEE/ACM International Symposium on Mixed and Augmented Reality,CORE,A*,acronym,1.000,1,INCLUDED,P3,0.874,
2017 eleventh international conference on sensing technology (ICST),"International Conference on Software Testing, Verification and Validation",CORE,A,acronym,1.000,1,INCLUDED,P3,0.557,
2017 IEEE international symposium on mixed and augmented reality (ISMAR),IEEE/ACM International Symposium on Mixed and Augmented Reality,CORE,A*,acronym,1.000,1,INCLUDED,P3,0.874,
MMSys 2024 - Proceedings of the 2024 ACM Multimedia Systems Conference,ACM Multimedia Systems Conference,CORE,A,fuzzy,0.917,1,INCLUDED,P3,0.641,
"MobiSys 2023 - Proceedings of the 21st Annual International Conference on Mobile Systems, Applications and Services","ACM SIGMOBILE International Conference on Mobile Systems, Applications and Services",CORE,A,fuzzy,0.872,1,INCLUDED,P3,0.758,
ASSETS 2022 - Proceedings of the 24th International ACM SIGACCESS Conference on Computers and Accessibility,International ACM SIGACCESS Conference on Computers and Accessibility,CORE,A,fuzzy,0.914,1,INCLUDED,P3,0.784,
"Adjunct Proceedings of the 2020 IEEE International Symposium on Mixed and Augmented Reality, ISMAR-Adjunct 2020",IEEE/ACM International Symposium on Mixed and Augmented Reality,CORE,A*,fuzzy,0.848,1,INCLUDED,P3,0.678,
"MobiSys 2018 - Proceedings of the 16th ACM International Conference on Mobile Systems, Applications, and Services","ACM SIGMOBILE International Conference on Mobile Systems, Applications and Services",CORE,A,fuzzy,0.837,1,INCLUDED,P3,0.765,
UIST 2016 Adjunct - Proceedings of the 29th Annual Symposium on User Interface Software and Technology,ACM Symposium on User Interface Software and Technology,CORE,A*,fuzzy,0.909,1,INCLUDED,P3,0.688,
"Proceedings of the Conference on Object-Oriented Programming Systems, Languages, and Applications, OOPSLA",ACM Conference on Object Oriented Programming Systems Languages and Applications,CORE,A,fuzzy,0.913,1,INCLUDED,P3,0.832,
Proceedings of the 19th annual conference on Computer graphics and interactive techniques,ACM SIG International Conference on Computer Graphics and Interactive Techniques,CORE,A*,fuzzy,0.909,1,INCLUDED,P3,0.781,
Proceedings of the 10th annual ACM symposium on User interface software and technology - UIST '97,ACM Symposium on User Interface Software and Technology,CORE,A*,fuzzy,0.905,1,INCLUDED,P3,0.724,
Proceedings of the 4th annual ACM symposium on User interface software and technology - UIST '91,ACM Symposium on User Interface Software and Technology,CORE,A*,fuzzy,0.905,1,INCLUDED,P3,0.728,
Proceedings of the 2005 ACM conference on Emerging network experiment and technology - CoNEXT'05,ACM International Conference on Emerging Networking Experiments and Technologies,CORE,A,fuzzy,0.840,1,INCLUDED,P3,0.682,
Proceedings of the 14th annual ACM symposium on User interface software and technology - UIST '01,ACM Symposium on User Interface Software and Technology,CORE,A*,fuzzy,0.905,1,INCLUDED,P3,0.724,
"Proceedings of the 16th ACM international conference on Modeling, analysis &amp; simulation of wireless and mobile systems","ACM/IEEE International Conference on Modelling, Analysis and Simulation of Wireless and Mobile Systems",CORE,A,fuzzy,0.918,1,INCLUDED,P3,0.839,
The 41st International ACM SIGIR Conference on Research &amp; Development in Information Retrieval,ACM International Conference on Research and Development in Information Retrieval,CORE,A*,fuzzy,0.902,1,INCLUDED,P3,0.849,
2026 IEEE/CVF winter conference on applications of computer vision (WACV),IEEE Workshop on Applications of Computer Vision,CORE,A,acronym,1.000,1,INCLUDED,P3,0.711,
2025 IEEE/CVF winter conference on applications of computer vision (WACV),IEEE Workshop on Applications of Computer Vision,CORE,A,acronym,1.000,1,INCLUDED,P3,0.711,
First international conference on advances in computer-human interaction,International Conference on Advances in Computer-Human Interactions,CORE,C,fuzzy,0.909,1,EXCLUDED,P3,0.950,
"ICASSP 2019 - 2019 IEEE international conference on acoustics, speech and signal processing (ICASSP)","IEEE International Conference on Acoustics, Speech and Signal Processing",CORE,Multiconference,acronym,1.000,1,EXCLUDED,P3,0.837,
Eighth international symposium on wearable computers,IEEE International Symposium on Wearable Computers,CORE,Journal Published,fuzzy,0.833,1,EXCLUDED,P3,0.922,
"ICASSP 2025 - 2025 IEEE international conference on acoustics, speech and signal processing (ICASSP)","IEEE International Conference on Acoustics, Speech and Signal Processing",CORE,Multiconference,acronym,1.000,1,EXCLUDED,P3,0.837,
2019 IEEE global communications conference (GLOBECOM),IEEE Global Telecommunications Conference,CORE,B,acronym,1.000,1,EXCLUDED,P3,0.787,
2025 7th international conference on intelligent sustainable systems (ICISS),International Conference on Information Systems Security,CORE,National: India,acronym,1.000,1,EXCLUDED,P3,0.652,
"7th international conference on control, automation, robotics and vision, 2002. ICARCV 2002.","International Conference on Control, Automation, Robotics and Vision",CORE,C,fuzzy,0.907,1,EXCLUDED,P3,0.850,
2019 8th international conference on affective computing and intelligent interaction (ACII),International Conference on Affective Computing and Intelligent,CORE,B,acronym,1.000,1,EXCLUDED,P3,0.818,
"2012 IEEE 14th international conference on e-Health networking, applications and services (healthcom)",IEEE international conference on ehealth networking applications and services (was International Workshop on Enterprise Networking and Computing in Health Care Industry; changed 2006),CORE,C,acronym,1.000,1,EXCLUDED,P3,0.613,
2019 international joint conference on neural networks (IJCNN),IEEE International Joint Conference on Neural Networks,CORE,B,acronym,1.000,1,EXCLUDED,P3,0.862,
2018 tenth international conference on quality of multimedia experience (QoMEX),International Conference on Quality of Multimedia Experience,CORE,B,acronym,1.000,1,EXCLUDED,P3,0.863,
2023 international joint conference on neural networks (IJCNN),IEEE International Joint Conference on Neural Networks,CORE,B,acronym,1.000,1,EXCLUDED,P3,0.862,
2018 IEEE global communications conference (GLOBECOM),IEEE Global Telecommunications Conference,CORE,B,acronym,1.000,1,EXCLUDED,P3,0.787,
2014 IEEE/ACS 11th international conference on computer systems and applications (AICCSA),ACS/IEEE International Conference on Computer Systems and Applications,CORE,C,acronym,1.000,1,EXCLUDED,P3,0.830,
19th international symposium in robot and human interactive communication,IEEE International Conference on Robot and Human Interactive Communication,CORE,B,fuzzy,0.876,1,EXCLUDED,P3,0.816,
"2023 IEEE 47th annual computers, software, and applications conference (COMPSAC)",International Computer Software and Applications Conference,CORE,B,acronym,1.000,1,EXCLUDED,P3,0.748,
2015 international conference on affective computing and intelligent interaction (ACII),International Conference on Affective Computing and Intelligent,CORE,B,acronym,1.000,1,EXCLUDED,P3,0.840,
2018 IEEE 14th international conference on automation science and engineering (CASE),IEEE International Conference on Data Science and Engineering,CORE,National:India,fuzzy,0.844,1,EXCLUDED,P3,0.814,
2023 IEEE 19th international conference on automation science and engineering (CASE),IEEE International Conference on Data Science and Engineering,CORE,National:India,fuzzy,0.844,1,EXCLUDED,P3,0.814,
GLOBECOM 2023 - 2023 IEEE global communications conference,IEEE Global Telecommunications Conference,CORE,B,fuzzy,0.851,1,EXCLUDED,P3,0.747,
SenSys 2022 - Proceedings of the 20th ACM Conference on Embedded Networked Sensor Systems,ACM Conference on Embedded Networked Sensor Systems,CORE,unranked: merged,fuzzy,0.914,1,EXCLUDED,P3,0.729,
ISWC 2023 - Proceedings of the 2023 International Symposium on Wearable Computers,IEEE International Symposium on Wearable Computers,CORE,Journal Published,fuzzy,0.870,1,EXCLUDED,P3,0.763,
"Proceedings of the 18th Conference on Computer Science and Intelligence Systems, FedCSIS 2023",CONFERENCE ON COMPUTER SCIENCE AND INTELLIGENCE SYSTEMS,CORE,C,fuzzy,0.902,1,EXCLUDED,P3,0.743,
"Proceedings of the 36th International Symposium on Automation and Robotics in Construction, ISARC 2019",International Symposium on Automation and Robotics in Construction,CORE,C,fuzzy,0.914,1,EXCLUDED,P3,0.786,
IEEE International Conference on Electro Information Technology,IEEE International Conference on Computer and Information Technology,CORE,C,fuzzy,0.845,1,EXCLUDED,P3,0.885,
"Proceedings of the ACM Symposium on Applied Perception, SAP 2016",ACM Symposium on Applied Perception,CORE,B,fuzzy,0.917,1,EXCLUDED,P3,0.707,
"International Conference on Artificial Reality and Telexistence and Eurographics Symposium on Virtual Environments, ICAT-EGVE 2017",International Conference on Artificial Reality and Telexistance & Eurographics Symposium on Virtual Environments,CORE,C,fuzzy,0.914,1,EXCLUDED,P3,0.909,
International Geoscience and Remote Sensing Symposium (IGARSS),IEEE International Geoscience and Remote Sensing Symposium,CORE,C,acronym,1.000,1,EXCLUDED,P3,0.883,
Proceedings - International Conference on Advanced Information Networking and Application (AINA),International Conference on Advanced Information Networking and Applications (was ICOIN),CORE,B,acronym,1.000,1,EXCLUDED,P3,0.880,
Proceedings of the 2nd ACM International Workshop on Immersive Media Experiences,ACM International Conference on Interactive Media Experiences,CORE,C,fuzzy,0.875,1,EXCLUDED,P3,0.681,
Proceedings of the 1st ACM conference on Electronic commerce,International Conference on Electronic Commerce,CORE,C,fuzzy,0.905,1,EXCLUDED,P3,0.710,
Proceedings of the 2003 conference on Asia South Pacific design automation - ASPDAC,Asia and South Pacific Design Automation Conference,CORE,B,fuzzy,0.844,1,EXCLUDED,P3,0.567,
Proceedings of the 29th Australian Conference on Computer-Human Interaction,International Conference on Advances in Computer-Human Interactions,CORE,C,fuzzy,0.822,1,EXCLUDED,P3,0.648,
25th ACM Symposium on Virtual Reality Software and Technology on - VRST '19,ACM Virtual Reality Software and Technology,CORE,B,fuzzy,0.907,1,EXCLUDED,P3,0.729,
Proceedings of the International Conference on Video and Image Processing,IEEE International Conference on Image Processing,CORE,B,fuzzy,0.884,1,EXCLUDED,P3,0.787,
"Proceedings of the 2009 conference on Information Science, Technology and Applications","International Conference on Data Science, Technology and Applications",CORE,C,fuzzy,0.861,1,EXCLUDED,P3,0.735,
Proceedings of the 2019 4th International Conference on Mathematics and Artificial Intelligence,International Conference on Agents and Artificial Intelligence,CORE,B,fuzzy,0.831,1,EXCLUDED,P3,0.752,
Proceedings of the 14th ACM Conference on Embedded Network Sensor Systems CD-ROM,ACM Conference on Embedded Networked Sensor Systems,CORE,unranked: merged,fuzzy,0.886,1,EXCLUDED,P3,0.748,
Proceedings of High Performance Graphics,Symposium on High Performance Chips,CORE,C,fuzzy,0.851,1,EXCLUDED,P3,0.693,
Proceedings of the 27th ACM Conference on on Innovation and Technology in Computer Science Education Vol. 1,Annual Conference on Innovation and Technology in Computer Science Education,CORE,B,fuzzy,0.906,1,EXCLUDED,P3,0.787,
Proceedings of the ACM/IEEE 8th International Workshop on Games and Software Engineering,IEEE International Conference on Global Software Engineering,CORE,C,fuzzy,0.836,1,EXCLUDED,P3,0.649,
Proceedings of the 2023 ACM International Conference on Multimedia Retrieval,International Conference on Multimedia Retrieval (previously MIR),CORE,B,fuzzy,0.909,1,EXCLUDED,P3,0.681,
Adjunct Publication of the 24th International Conference on Human-Computer Interaction with Mobile Devices and Services,International Conference on Human-Computer Interaction with Mobile Devices and Services,CORE,B,fuzzy,0.902,1,EXCLUDED,P3,0.845,
Proceedings of the 2018 ACM on International Conference on Multimedia Retrieval,International Conference on Multimedia Retrieval (previously MIR),CORE,B,fuzzy,0.909,1,EXCLUDED,P3,0.667,
2026 IEEE engineering education world conference (EDUNINE),IEEE Global Engineering Education Conference,CORE,C,fuzzy,0.851,1,EXCLUDED,P3,0.725,
